Symbol,Security Name,Market Category
AAL,"American Airlines Group, Inc.",Q
AAME,Atlantic American Corporation,G
AAOI,"Applied Optoelectronics, Inc.",G
AAON,"AAON, Inc.",Q
AAPL,Apple Inc.,Q
AAWW,Atlas Air Worldwide Holdings,Q
AAXN,"Axon Enterprise, Inc.",Q
ABCB,Ameris Bancorp,Q
ABEO,Abeona Therapeutics Inc.,S
ABIO,"ARCA biopharma, Inc.",S
ABMD,"ABIOMED, Inc.",Q
ABST,Absolute Software Corporation,Q
ABTX,"Allegiance Bancshares, Inc.",G
ABUS,Arbutus Biopharma Corporation,Q
ACAD,ACADIA Pharmaceuticals Inc.,Q
ACBI,"Atlantic Capital Bancshares, Inc.",Q
ACER,Acer Therapeutics Inc.,S
ACET,"Adicet Bio, Inc.",G
ACGL,Arch Capital Group Ltd.,Q
ACHC,"Acadia Healthcare Company, Inc.",Q
ACIA,"Acacia Communications, Inc.",Q
ACIU,AC Immune SA,G
ACIW,"ACI Worldwide, Inc.",Q
ACLS,"Axcelis Technologies, Inc.",Q
ACNB,ACNB Corporation,S
ACOR,"Acorda Therapeutics, Inc.",Q
ACRS,"Aclaris Therapeutics, Inc.",Q
ACRX,"AcelRx Pharmaceuticals, Inc.",G
ACTG,Acacia Research Corporation,Q
ADBE,Adobe Inc.,Q
ADES,"Advanced Emissions Solutions, Inc.",G
ADI,"Analog Devices, Inc.",Q
ADIL,"Adial Pharmaceuticals, Inc",S
ADMA,ADMA Biologics Inc,G
ADMP,Adamis Pharmaceuticals Corporation,S
ADMS,"Adamas Pharmaceuticals, Inc.",G
ADP,"Automatic Data Processing, Inc.",Q
ADPT,Adaptive Biotechnologies Corporation,Q
ADSK,"Autodesk, Inc.",Q
ADTN,"ADTRAN, Inc.",Q
ADTX,"ADiTx Therapeutics, Inc.",S
ADUS,Addus HomeCare Corporation,Q
ADVM,"Adverum Biotechnologies, Inc.",G
ADXS,"Advaxis, Inc.",Q
AEHL,Antelope Enterprise Holdings Limited,S
AEHR,Aehr Test Systems,S
AEIS,"Advanced Energy Industries, Inc.",Q
AEMD,"Aethlon Medical, Inc.",S
AEP,"American Electric Power Company, Inc.",Q
AERI,"Aerie Pharmaceuticals, Inc.",G
AESE,"Allied Esports Entertainment, Inc.",S
AEY,"ADDvantage Technologies Group, Inc.",G
AEYE,"AudioEye, Inc.",S
AEZS,Aeterna Zentaris Inc.,S
AFIB,"Acutus Medical, Inc.",Q
AFMD,Affimed N.V.,G
AGEN,Agenus Inc.,S
AGFS,"AgroFresh Solutions, Inc.",Q
AGIO,"Agios Pharmaceuticals, Inc.",Q
AGLE,"Aeglea BioTherapeutics, Inc.",G
AGNC,AGNC Investment Corp.,Q
AGRX,"Agile Therapeutics, Inc.",S
AGTC,Applied Genetic Technologies Corporation,G
AGYS,"Agilysys, Inc.",Q
AHAC,Alpha Healthcare Acquisition Corp.,S
AHPI,"Allied Healthcare Products, Inc.",S
AIHS,Senmiao Technology Limited,S
AIKI,AIkido Pharma Inc.,S
AIMC,Altra Industrial Motion Corp.,Q
AIRG,"Airgain, Inc.",S
AIRT,"Air T, Inc.",G
AKAM,"Akamai Technologies, Inc.",Q
AKBA,"Akebia Therapeutics, Inc.",G
AKER,Akers Biosciences Inc.,S
AKRO,"Akero Therapeutics, Inc.",Q
AKTS,"Akoustis Technologies, Inc.",S
AKUS,"Akouos, Inc.",Q
ALBO,"Albireo Pharma, Inc.",S
ALCO,"Alico, Inc.",Q
ALDX,"Aldeyra Therapeutics, Inc.",S
ALEC,"Alector, Inc.",Q
ALGM,"Allegro MicroSystems, Inc.",Q
ALGN,"Align Technology, Inc.",Q
ALGT,Allegiant Travel Company,Q
ALIM,"Alimera Sciences, Inc.",G
ALJJ,"ALJ Regional Holdings, Inc.",G
ALLK,Allakos Inc.,Q
ALLO,"Allogene Therapeutics, Inc.",Q
ALNA,"Allena Pharmaceuticals, Inc.",Q
ALNY,"Alnylam Pharmaceuticals, Inc.",Q
ALOT,"AstroNova, Inc.",G
ALPN,"Alpine Immune Sciences, Inc.",G
ALRM,"Alarm.com Holdings, Inc.",Q
ALRN,"Aileron Therapeutics, Inc.",S
ALRS,Alerus Financial Corporation,S
ALSK,"Alaska Communications Systems Group, Inc.",Q
ALT,"Altimmune, Inc.",G
ALTA,Altabancorp,S
ALVR,"AlloVir, Inc.",Q
ALXN,"Alexion Pharmaceuticals, Inc.",Q
ALXO,ALX Oncology Holdings Inc.,Q
AMAG,"AMAG Pharmaceuticals, Inc.",Q
AMAT,"Applied Materials, Inc.",Q
AMD,"Advanced Micro Devices, Inc.",Q
AMED,Amedisys Inc,Q
AMEH,"Apollo Medical Holdings, Inc.",S
AMGN,Amgen Inc.,Q
AMKR,"Amkor Technology, Inc.",Q
AMNB,"American National Bankshares, Inc.",Q
AMOT,"Allied Motion Technologies, Inc.",G
AMPH,"Amphastar Pharmaceuticals, Inc.",Q
AMRB,American River Bankshares,Q
AMRH,"Ameri Holdings, Inc.",S
AMRK,"A-Mark Precious Metals, Inc.",Q
AMRS,"Amyris, Inc.",Q
AMSC,American Superconductor Corporation,Q
AMSF,"AMERISAFE, Inc.",Q
AMST,Amesite Inc.,S
AMTX,"Aemetis, Inc",G
AMWD,American Woodmark Corporation,Q
AMZN,"Amazon.com, Inc.",Q
ANAB,"AnaptysBio, Inc.",Q
ANAT,"American National Group, Inc.",Q
ANDE,"The Andersons, Inc.",Q
ANGO,"AngioDynamics, Inc.",Q
ANIK,Anika Therapeutics Inc.,Q
ANIP,"ANI Pharmaceuticals, Inc.",G
ANIX,"Anixa Biosciences, Inc.",S
ANSS,"ANSYS, Inc.",Q
AOUT,"American Outdoor Brands, Inc.",Q
APA,Apache Corporation,Q
APDN,"Applied DNA Sciences, Inc.",S
APEI,"American Public Education, Inc.",Q
APEN,"Apollo Endosurgery, Inc.",G
APLS,"Apellis Pharmaceuticals, Inc.",Q
APLT,"Applied Therapeutics, Inc.",G
APOG,"Apogee Enterprises, Inc.",Q
APPS,"Digital Turbine, Inc.",S
APRE,"Aprea Therapeutics, Inc.",Q
APTX,Aptinyx Inc.,Q
APVO,Aptevo Therapeutics Inc.,S
APYX,Apyx Medical Corporation,Q
AQB,"AquaBounty Technologies, Inc.",S
AQMS,"Aqua Metals, Inc.",S
AQST,"Aquestive Therapeutics, Inc.",G
ARAV,"Aravive, Inc.",Q
ARAY,Accuray Incorporated,Q
ARCB,ArcBest Corporation,Q
ARCT,Arcturus Therapeutics Holdings Inc.,G
ARDS,Aridis Pharmaceuticals Inc.,S
ARDX,"Ardelyx, Inc.",G
ARKR,Ark Restaurants Corp.,G
ARNA,"Arena Pharmaceuticals, Inc.",Q
AROW,Arrow Financial Corporation,Q
ARPO,"Aerpio Pharmaceuticals, Inc.",S
ARRY,"Array Technologies, Inc.",G
ARTL,"Artelo Biosciences, Inc.",S
ARTW,"Art's-Way Manufacturing Co., Inc.",S
ARVN,"Arvinas, Inc.",Q
ARWR,"Arrowhead Pharmaceuticals, Inc.",Q
ASMB,"Assembly Biosciences, Inc.",Q
ASO,"Academy Sports and Outdoors, Inc.",Q
ASPS,Altisource Portfolio Solutions S.A.,Q
ASPU,Aspen Group Inc.,G
ASRT,"Assertio Holdings, Inc.",Q
ASRV,AmeriServ Financial Inc.,G
ASTC,Astrotech Corporation,S
ASTE,"Astec Industries, Inc.",Q
ASUR,Asure Software Inc,S
ASYS,"Amtech Systems, Inc.",Q
ATEC,"Alphatec Holdings, Inc.",Q
ATEX,Anterix Inc.,S
ATHA,"Athira Pharma, Inc.",Q
ATHX,"Athersys, Inc.",S
ATLC,Atlanticus Holdings Corporation,Q
ATLO,Ames National Corporation,S
ATNF,180 Life Sciences Corp.,S
ATNI,"ATN International, Inc.",Q
ATNX,"Athenex, Inc.",Q
ATOM,Atomera Incorporated,S
ATOS,"Atossa Therapeutics, Inc.",S
ATRA,"Atara Biotherapeutics, Inc.",Q
ATRC,"AtriCure, Inc.",G
ATRI,Atrion Corporation,Q
ATRO,Astronics Corporation,Q
ATRS,"Antares Pharma, Inc.",S
ATSG,"Air Transport Services Group, Inc",Q
ATVI,"Activision Blizzard, Inc",Q
ATXI,"Avenue Therapeutics, Inc.",S
AUB,Atlantic Union Bankshares Corporation,Q
AUBN,"Auburn National Bancorporation, Inc.",G
AUTO,"AutoWeb, Inc.",S
AUVI,"Applied UV, Inc.",S
AVAV,"AeroVironment, Inc.",Q
AVCO,Avalon GloboCare Corp.,S
AVCT,"American Virtual Cloud Technologies, Inc. ",S
AVEO,"AVEO Pharmaceuticals, Inc.",S
AVGO,Broadcom Inc.,Q
AVGR,"Avinger, Inc.",S
AVID,"Avid Technology, Inc.",Q
AVNW,"Aviat Networks, Inc.",Q
AVO,"Mission Produce, Inc.",Q
AVRO,"AVROBIO, Inc.",Q
AVT,"Avnet, Inc.",Q
AVXL,Anavex Life Sciences Corp.,S
AWH,Aspira Women's Health Inc.,S
AWRE,"Aware, Inc.",G
AXAS,Abraxas Petroleum Corporation,S
AXDX,"Accelerate Diagnostics, Inc.",S
AXGN,"Axogen, Inc.",S
AXLA,Axcella Health Inc.,G
AXNX,"Axonics Modulation Technologies, Inc.",Q
AXSM,"Axsome Therapeutics, Inc.",G
AXTI,AXT Inc,Q
AYLA,"Ayala Pharmaceuticals, Inc.",G
AYRO,"AYRO, Inc.",S
AYTU,"Aytu BioScience, Inc.",S
AZPN,"Aspen Technology, Inc.",Q
AZRX,"AzurRx BioPharma, Inc.",S
BANF,BancFirst Corporation,Q
BANR,Banner Corporation,Q
BANX,StoneCastle Financial Corp,Q
BASI,"Bioanalytical Systems, Inc.",S
BBBY,Bed Bath & Beyond Inc.,Q
BBCP,"Concrete Pumping Holdings, Inc. ",S
BBI,"Brickell Biotech, Inc.",S
BBIG,"Vinco Ventures, Inc.",S
BBIO,"BridgeBio Pharma, Inc.",Q
BBQ,"BBQ Holdings, Inc. ",Q
BBSI,"Barrett Business Services, Inc.",Q
BCBP,"BCB Bancorp, Inc. (NJ)",G
BCDA,"BioCardia, Inc.",S
BCLI,Brainstorm Cell Therapeutics Inc.,S
BCML,BayCom Corp,Q
BCOR,"Blucora, Inc.",Q
BCOV,Brightcove Inc.,Q
BCOW,"1895 Bancorp of Wisconsin, Inc.",S
BCPC,Balchem Corporation,Q
BCRX,"BioCryst Pharmaceuticals, Inc.",Q
BCTG,BCTG Acquisition Corp.,S
BDGE,"Bridge Bancorp, Inc.",Q
BDSI,"BioDelivery Sciences International, Inc.",Q
BDSX,"Biodesix, Inc.",G
BDTX,"Black Diamond Therapeutics, Inc.",Q
BEAM,Beam Therapeutics Inc.,Q
BEAT,"BioTelemetry, Inc.",Q
BECN,"Beacon Roofing Supply, Inc.",Q
BEEM,Beam Global,S
BFC,Bank First Corporation,S
BFIN,BankFinancial Corporation,Q
BFST,"Business First Bancshares, Inc.",Q
BGFV,Big 5 Sporting Goods Corporation,Q
BHF,"Brighthouse Financial, Inc.",Q
BHTG,"BioHiTech Global, Inc.",S
BIIB,Biogen Inc.,Q
BIMI,BOQI International Medical Inc.,S
BIOC,"Biocept, Inc.",S
BIOL,"Biolase, Inc.",S
BJRI,"BJ's Restaurants, Inc.",Q
BKCC,BlackRock Capital Investment Corporation,Q
BKNG,Booking Holdings Inc.,Q
BKSC,Bank of South Carolina Corp.,S
BKYI,"BIO-key International, Inc.",S
BL,"BlackLine, Inc.",Q
BLBD,Blue Bird Corporation,G
BLCM,"Bellicum Pharmaceuticals, Inc.",S
BLDR,"Builders FirstSource, Inc.",Q
BLFS,"BioLife Solutions, Inc.",S
BLI,"Berkeley Lights, Inc.",Q
BLIN,"Bridgeline Digital, Inc.",S
BLKB,"Blackbaud, Inc.",Q
BLMN,"Bloomin' Brands, Inc.",Q
BLNK,Blink Charging Co.,S
BLPH,"Bellerophon Therapeutics, Inc.",S
BLUE,"bluebird bio, Inc.",Q
BMCH,"BMC Stock Holdings, Inc.",Q
BMRA,"Biomerica, Inc.",S
BMRC,Bank of Marin Bancorp,S
BMRN,BioMarin Pharmaceutical Inc.,Q
BMTC,Bryn Mawr Bank Corporation,Q
BNFT,"Benefitfocus, Inc.",G
BNGO,"Bionano Genomics, Inc.",S
BNSO,"Bonso Electronics International, Inc.",S
BNTC,Benitec Biopharma Inc.,S
BOCH,Bank of Commerce Holdings (CA),G
BOKF,BOK Financial Corporation,Q
BOOM,DMC Global Inc.,Q
BOTJ,"Bank of the James Financial Group, Inc.",S
BPFH,"Boston Private Financial Holdings, Inc.",Q
BPMC,Blueprint Medicines Corporation,Q
BPOP,"Popular, Inc.",Q
BPRN,The Bank of Princeton,Q
BPTH,"Bio-Path Holdings, Inc.",S
BRID,Bridgford Foods Corporation,G
BRKL,"Brookline Bancorp, Inc.",Q
BRKR,Bruker Corporation,Q
BRKS,"Brooks Automation, Inc.",Q
BRPA,Big Rock Partners Acquisition Corp.,S
BRY,Berry Corporation (bry),Q
BSBK,Bogota Financial Corp.,S
BSET,"Bassett Furniture Industries, Incorporated",Q
BSGM,"BioSig Technologies, Inc.",S
BSQR,BSQUARE Corporation,S
BSRR,Sierra Bancorp,Q
BSTC,BioSpecifics Technologies Corp,G
BTAI,"BioXcel Therapeutics, Inc.",S
BUSE,First Busey Corporation,Q
BWB,"Bridgewater Bancshares, Inc.",S
BWEN,"Broadwind, Inc.",S
BWFG,"Bankwell Financial Group, Inc.",G
BYFC,Broadway Financial Corporation,S
CAAS,"China Automotive Systems, Inc.",S
CABA,"Cabaletta Bio, Inc.",Q
CAC,Camden National Corporation,Q
CACC,Credit Acceptance Corporation,Q
CAKE,The Cheesecake Factory Incorporated,Q
CALA,"Calithera Biosciences, Inc.",Q
CALB,California BanCorp,Q
CALM,"Cal-Maine Foods, Inc.",Q
CAMP,CalAmp Corp.,Q
CAPR,"Capricor Therapeutics, Inc.",S
CAR,"Avis Budget Group, Inc.",Q
CARA,"Cara Therapeutics, Inc.",G
CARE,Carter Bank & Trust,Q
CARV,"Carver Bancorp, Inc.",S
CASA,"Casa Systems, Inc.",Q
CASH,"Meta Financial Group, Inc.",Q
CASI,"CASI Pharmaceuticals, Inc.",S
CASS,"Cass Information Systems, Inc",Q
CASY,"Caseys General Stores, Inc.",Q
CATB,"Catabasis Pharmaceuticals, Inc.",G
CATC,Cambridge Bancorp,S
CATM,Cardtronics plc,Q
CATY,Cathay General Bancorp,Q
CBAN,"Colony Bankcorp, Inc.",G
CBAT,"CBAK Energy Technology, Inc.",S
CBAY,CymaBay Therapeutics Inc.,Q
CBFV,"CB Financial Services, Inc.",G
CBIO,"Catalyst Biosciences, Inc. ",S
CBLI,"Cleveland BioLabs, Inc.",S
CBMB,"CBM Bancorp, Inc.",S
CBMG,"Cellular Biomedicine Group, Inc.",Q
CBNK,"Capital Bancorp, Inc.",Q
CBPO,"China Biologic Products Holdings, Inc.",Q
CBRL,"Cracker Barrel Old Country Store, Inc.",Q
CBSH,"Commerce Bancshares, Inc.",Q
CBTX,"CBTX, Inc.",Q
CCAP,"Crescent Capital BDC, Inc.",G
CCB,Coastal Financial Corporation,Q
CCBG,Capital City Bank Group,Q
CCCC,"C4 Therapeutics, Inc.",Q
CCMP,"CMC Materials, Inc.",Q
CCNC,Code Chain New Continent Limited,S
CCNE,CNB Financial Corporation,Q
CCOI,"Cogent Communications Holdings, Inc.",Q
CCRN,"Cross Country Healthcare, Inc.",Q
CCXI,"ChemoCentryx, Inc.",Q
CDAK,"Codiak BioSciences, Inc.",G
CDK,"CDK Global, Inc.",Q
CDLX,"Cardlytics, Inc.",G
CDMO,"Avid Bioservices, Inc.",S
CDNA,"CareDx, Inc.",G
CDNS,"Cadence Design Systems, Inc.",Q
CDTX,"Cidara Therapeutics, Inc.",G
CDW,CDW Corporation,Q
CDXC,ChromaDex Corporation,S
CDXS,"Codexis, Inc.",Q
CDZI,"Cadiz, Inc.",G
CECE,CECO Environmental Corp.,Q
CELC,Celcuity Inc.,S
CELH,"Celsius Holdings, Inc.",S
CEMI,"Chembio Diagnostics, Inc.",S
CENT,Central Garden & Pet Company,Q
CENX,Century Aluminum Company,Q
CERC,Cerecor Inc.,S
CERE,"Cerevel Therapeutics Holdings, Inc.",S
CERN,Cerner Corporation,Q
CERS,Cerus Corporation,G
CETX,Cemtrex Inc.,S
CEVA,"CEVA, Inc.",Q
CFB,"CrossFirst Bankshares, Inc.",Q
CFBI,"Community First Bancshares, Inc.",S
CFBK,CF Bankshares Inc.,S
CFFI,C&F Financial Corporation,Q
CFFN,"Capitol Federal Financial, Inc.",Q
CFMS,"Conformis, Inc.",Q
CFRX,ContraFect Corporation,S
CG,The Carlyle Group Inc.,Q
CGBD,"TCG BDC, Inc.",Q
CGIX,"Cancer Genetics, Inc.",S
CGNX,Cognex Corporation,Q
CGO,Calamos Global Total Return Fund,Q
CHCO,City Holding Company,Q
CHDN,"Churchill Downs, Incorporated",Q
CHEF,"The Chefs' Warehouse, Inc.",Q
CHFS,"CHF Solutions, Inc.",S
CHI,Calamos Convertible Opportunities and Income Fund,Q
CHMA,"Chiasma, Inc.",Q
CHMG,Chemung Financial Corp,Q
CHNG,Change Healthcare Inc.,Q
CHNR,"China Natural Resources, Inc.",S
CHRS,"Coherus BioSciences, Inc.",G
CHRW,"C.H. Robinson Worldwide, Inc.",Q
CHUY,"Chuy's Holdings, Inc.",Q
CHW,Calamos Global Dynamic Income Fund,Q
CHY,Calamos Convertible and High Income Fund,Q
CINF,Cincinnati Financial Corporation,Q
CIVB,"Civista Bancshares, Inc. ",S
CIZN,Citizens Holding Company,G
CJJD,"China Jo-Jo Drugstores, Inc.",S
CKPT,"Checkpoint Therapeutics, Inc.",S
CLAR,Clarus Corporation,Q
CLBK,"Columbia Financial, Inc.",Q
CLBS,"Caladrius Biosciences, Inc.",S
CLCT,"Collectors Universe, Inc.",G
CLDB,Cortland Bancorp,S
CLDX,"Celldex Therapeutics, Inc.",S
CLFD,"Clearfield, Inc.",G
CLIR,ClearSign Technologies Corporation,S
CLNE,Clean Energy Fuels Corp.,Q
CLPS,CLPS Incorporation,G
CLPT,ClearPoint Neuro Inc.,S
CLRB,"Cellectar Biosciences, Inc.",S
CLRO,"ClearOne, Inc.",S
CLSD,"Clearside Biomedical, Inc.",G
CLSK,"CleanSpark, Inc.",S
CLSN,Celsion Corporation,S
CLVS,"Clovis Oncology, Inc.",Q
CLXT,"Calyxt, Inc.",G
CMCO,Columbus McKinnon Corporation,Q
CMCT,CIM Commercial Trust Corporation,G
CMPI,"Checkmate Pharmaceuticals, Inc.",G
CMRX,"Chimerix, Inc.",G
CMTL,Comtech Telecommunications Corp.,Q
CNCE,"Concert Pharmaceuticals, Inc.",G
CNDT,Conduent Incorporated,Q
CNET,ZW Data Action Technologies Inc.,S
CNFR,"Conifer Holdings, Inc.",G
CNNB,"Cincinnati Bancorp, Inc.",S
CNOB,"ConnectOne Bancorp, Inc.",Q
CNSL,"Consolidated Communications Holdings, Inc.",Q
CNSP,"CNS Pharmaceuticals, Inc.",S
CNST,"Constellation Pharmaceuticals, Inc.",Q
CNTY,"Century Casinos, Inc.",S
CNXN,"PC Connection, Inc.",Q
COCP,"Cocrystal Pharma, Inc.",S
CODX,"Co-Diagnostics, Inc.",S
COFS,"ChoiceOne Financial Services, Inc.",S
COGT,"Cogent Biosciences, Inc.",Q
COHR,"Coherent, Inc.",Q
COHU,"Cohu, Inc.",Q
COKE,"Coca-Cola Consolidated, Inc.",Q
COLB,"Columbia Banking System, Inc.",Q
COLL,"Collegium Pharmaceutical, Inc.",Q
COLM,Columbia Sportswear Company,Q
COMM,"CommScope Holding Company, Inc.",Q
CONE,CyrusOne Inc,Q
CONN,"Conn's, Inc.",Q
COOP,Mr. Cooper Group Inc.,S
CORE,"Core-Mark Holding Company, Inc.",Q
CORT,Corcept Therapeutics Incorporated,S
COST,Costco Wholesale Corporation,Q
COUP,Coupa Software Incorporated,Q
CPAH,CounterPath Corporation,S
CPHC,Canterbury Park Holding Corporation,G
CPIX,Cumberland Pharmaceuticals Inc.,Q
CPRT,"Copart, Inc.",Q
CPRX,"Catalyst Pharmaceuticals, Inc.",S
CPSH,CPS Technologies Corp.,S
CPSI,"Computer Programs and Systems, Inc.",Q
CPSS,"Consumer Portfolio Services, Inc.",G
CPST,Capstone Turbine Corporation,S
CPTA,Capitala Finance Corp.,Q
CPZ,Calamos Long/Short Equity & Dynamic Income Trust,Q
CRAI,"CRA International,Inc.",Q
CRBP,"Corbus Pharmaceuticals Holdings, Inc.",G
CRDF,"Cardiff Oncology, Inc.",S
CREE,"Cree, Inc.",Q
CREG,China Recycling Energy Corporation,S
CREX,"Creative Realities, Inc.",S
CRIS,"Curis, Inc.",G
CRMT,"America's Car-Mart, Inc.",Q
CRNC,Cerence Inc.,Q
CRNX,"Crinetics Pharmaceuticals, Inc.",Q
CROX,"Crocs, Inc.",Q
CRSR,"Corsair Gaming, Inc.",Q
CRTD,Creatd Inc.,S
CRTX,"Cortexyme, Inc.",Q
CRUS,"Cirrus Logic, Inc.",Q
CRVL,CorVel Corp.,Q
CRVS,"Corvus Pharmaceuticals, Inc.",G
CRWS,"Crown Crafts, Inc.",S
CSBR,"Champions Oncology, Inc.",S
CSCO,"Cisco Systems, Inc.",Q
CSGP,"CoStar Group, Inc.",Q
CSGS,"CSG Systems International, Inc.",Q
CSII,"Cardiovascular Systems, Inc.",Q
CSOD,"Cornerstone OnDemand, Inc.",Q
CSPI,CSP Inc.,G
CSQ,Calamos Strategic Total Return Fund,Q
CSTR,"CapStar Financial Holdings, Inc.",Q
CSWC,Capital Southwest Corporation,Q
CSWI,"CSW Industrials, Inc.",Q
CSX,CSX Corporation,Q
CTAS,Cintas Corporation,Q
CTBI,"Community Trust Bancorp, Inc.",Q
CTG,"Computer Task Group, Incorporated",Q
CTHR,Charles & Colvard Ltd.,S
CTIB,Yunhong CTI Ltd.,S
CTIC,CTI BioPharma Corp.,S
CTMX,"CytomX Therapeutics, Inc.",Q
CTRE,"CareTrust REIT, Inc.",Q
CTRN,"Citi Trends, Inc.",Q
CTSO,Cytosorbents Corporation,S
CTXR,"Citius Pharmaceuticals, Inc.",S
CTXS,"Citrix Systems, Inc.",Q
CUE,"Cue Biopharma, Inc.",S
CUTR,"Cutera, Inc.",Q
CVBF,CVB Financial Corporation,Q
CVCO,"Cavco Industries, Inc.",Q
CVCY,Central Valley Community Bancorp,S
CVET,"Covetrus, Inc.",Q
CVGI,"Commercial Vehicle Group, Inc.",Q
CVGW,"Calavo Growers, Inc.",Q
CVLT,"Commvault Systems, Inc.",Q
CVLY,"Codorus Valley Bancorp, Inc",G
CVV,CVD Equipment Corporation,S
CWBC,Community West Bancshares,G
CWBR,"CohBar, Inc.",S
CXDC,China XD Plastics Company Limited,G
CXDO,"Crexendo, Inc.",S
CYAN,Cyanotech Corporation,S
CYBE,CyberOptics Corporation,G
CYCC,"Cyclacel Pharmaceuticals, Inc.",S
CYRX,"CryoPort, Inc.",S
CYTK,"Cytokinetics, Incorporated",Q
CZNC,Citizens & Northern Corp,S
CZR,"Caesars Entertainment, Inc.",Q
CZWI,"Citizens Community Bancorp, Inc.",G
DAIO,Data I/O Corporation,S
DAKT,"Daktronics, Inc.",Q
DARE,"Dare Bioscience, Inc.",S
DCOM,"Dime Community Bancshares, Inc.",Q
DCPH,"Deciphera Pharmaceuticals, Inc.",Q
DCT,"Duck Creek Technologies, Inc.",Q
DCTH,"Delcath Systems, Inc.",S
DENN,Denny's Corporation,S
DFFN,Diffusion Pharmaceuticals Inc.,S
DGII,Digi International Inc.,Q
DGLY,"Digital Ally, Inc.",S
DIOD,Diodes Incorporated,Q
DJCO,Daily Journal Corp. (S.C.),S
DLHC,DLH Holdings Corp.,S
DLPN,"Dolphin Entertainment, Inc.",S
DLTR,"Dollar Tree, Inc.",Q
DMAC,DiaMedica Therapeutics Inc.,S
DMRC,Digimarc Corporation,Q
DMTK,"DermTech, Inc.",S
DNKN,"Dunkin' Brands Group, Inc.",Q
DNLI,Denali Therapeutics Inc.,Q
DOCU,"DocuSign, Inc.",Q
DORM,"Dorman Products, Inc.",Q
DRAD,Digirad Corporation,G
DRIO,DarioHealth Corp.,S
DRNA,"Dicerna Pharmaceuticals, Inc.",Q
DRRX,DURECT Corporation,S
DSGX,The Descartes Systems Group Inc.,Q
DSKE,"Daseke, Inc.",S
DSPG,"DSP Group, Inc.",Q
DTEA,DAVIDsTEA Inc.,G
DTIL,"Precision BioSciences, Inc.",Q
DTSS,Datasea Inc.,S
DUOT,"Duos Technologies Group, Inc.",S
DVAX,Dynavax Technologies Corporation,S
DWSN,Dawson Geophysical Company,Q
DXCM,"DexCom, Inc.",Q
DXLG,"Destination XL Group, Inc.",S
DXPE,"DXP Enterprises, Inc.",Q
DXYN,"The Dixie Group, Inc.",G
DYAI,"Dyadic International, Inc.",S
DYN,"Dyne Therapeutics, Inc.",Q
DYNT,Dynatronics Corporation,S
DZSI,DZS Inc.,S
EA,Electronic Arts Inc.,Q
EAR,"Eargo, Inc.",Q
EAST,"Eastside Distilling, Inc.",S
EBAY,eBay Inc.,Q
EBC,"Eastern Bankshares, Inc.",Q
EBIX,"Ebix, Inc.",Q
EBMT,"Eagle Bancorp Montana, Inc.",G
EBSB,"Meridian Bancorp, Inc.",Q
EBTC,Enterprise Bancorp Inc,Q
ECHO,"Echo Global Logistics, Inc.",Q
ECOL,"US Ecology, Inc.",Q
ECOR,"electroCore, Inc.",Q
ECPG,Encore Capital Group Inc,Q
EDIT,"Editas Medicine, Inc.",Q
EDUC,Educational Development Corporation,G
EEFT,"Euronet Worldwide, Inc.",Q
EFOI,"Energy Focus, Inc.",S
EFSC,Enterprise Financial Services Corporation,Q
EGAN,eGain Corporation,S
EGBN,"Eagle Bancorp, Inc.",S
EGLE,Eagle Bulk Shipping Inc.,Q
EGOV,NIC Inc.,Q
EGRX,"Eagle Pharmaceuticals, Inc.",G
EHTH,"eHealth, Inc.",Q
EIDX,"Eidos Therapeutics, Inc.",Q
EIGI,"Endurance International Group Holdings, Inc.",Q
EIGR,"Eiger BioPharmaceuticals, Inc.",G
EKSO,"Ekso Bionics Holdings, Inc.",S
ELOX,"Eloxx Pharmaceuticals, Inc.",G
ELSE,"Electro-Sensors, Inc.",S
ELYS,"Elys Game Technology, Corp. ",S
EMCF,Emclaire Financial Corp,S
EMKR,EMCORE Corporation,G
EML,Eastern Company (The),G
ENG,ENGlobal Corporation,S
ENOB,"Enochian Biosciences, Inc.",S
ENPH,"Enphase Energy, Inc.",G
ENSG,"The Ensign Group, Inc.",Q
ENTA,"Enanta Pharmaceuticals, Inc.",Q
ENTG,"Entegris, Inc.",Q
EOLS,"Evolus, Inc.",G
EPAY,"Bottomline Technologies, Inc.",Q
EPIX,ESSA Pharma Inc.,S
EPZM,"Epizyme, Inc.",Q
EQ,"Equillium, Inc.",G
EQIX,"Equinix, Inc.",Q
ERII,"Energy Recovery, Inc.",Q
ESBK,Elmira Savings Bank NY (The),S
ESCA,"Escalade, Incorporated",G
ESEA,Euroseas Ltd.,S
ESPR,"Esperion Therapeutics, Inc.",G
ESQ,"Esquire Financial Holdings, Inc.",S
ESXB,Community Bankers Trust Corporation.,S
ETNB,"89bio, Inc.",G
ETON,"Eton Pharmaceuticals, Inc.",G
ETSY,"Etsy, Inc.",Q
ETTX,Entasis Therapeutics Holdings Inc.,G
EVBG,"Everbridge, Inc.",G
EVFM,"Evofem Biosciences, Inc.",S
EVK,"Ever-Glory International Group, Inc.",G
EVLO,"Evelo Biosciences, Inc.",Q
EVOK,"Evoke Pharma, Inc.",S
EVOL,"Evolving Systems, Inc.",S
EWBC,"East West Bancorp, Inc.",Q
EXAS,Exact Sciences Corporation,S
EXC,Exelon Corporation,Q
EXEL,"Exelixis, Inc.",Q
EXLS,"ExlService Holdings, Inc.",Q
EXPD,"Expeditors International of Washington, Inc.",Q
EXPE,"Expedia Group, Inc.",Q
EXPI,"eXp World Holdings, Inc.",G
EXPO,"Exponent, Inc.",Q
EXTR,"Extreme Networks, Inc.",Q
EYE,"National Vision Holdings, Inc.",Q
EYEG,"Eyegate Pharmaceuticals, Inc.",S
EYEN,"Eyenovia, Inc.",S
EYES,"Second Sight Medical Products, Inc.",S
EYPT,"EyePoint Pharmaceuticals, Inc.",G
FARM,Farmer Brothers Company,Q
FARO,"FARO Technologies, Inc.",Q
FAST,Fastenal Company,Q
FAT,FAT Brands Inc.,S
FATE,"Fate Therapeutics, Inc.",G
FBIO,"Fortress Biotech, Inc.",S
FBIZ,"First Business Financial Services, Inc.",Q
FBMS,"The First Bancshares, Inc.",G
FBNC,First Bancorp,Q
FBRX,"Forte Biosciences, Inc. ",S
FBSS,"Fauquier Bankshares, Inc.",S
FCAP,"First Capital, Inc.",S
FCBC,"First Community Bankshares, Inc.",Q
FCBP,First Choice Bancorp,S
FCCO,First Community Corporation,S
FCCY,1st Constitution Bancorp (NJ),G
FCEL,"FuelCell Energy, Inc.",G
FCFS,"FirstCash, Inc.",Q
FCRD,"First Eagle Alternative Capital BDC, Inc.",Q
FDBC,"Fidelity D & D Bancorp, Inc.",G
FDUS,Fidus Investment Corporation,Q
FEIM,"Frequency Electronics, Inc.",G
FELE,"Franklin Electric Co., Inc.",Q
FENC,Fennec Pharmaceuticals Inc.,S
FEYE,"FireEye, Inc.",Q
FFBC,First Financial Bancorp.,Q
FFBW,"FFBW, Inc.",S
FFIC,Flushing Financial Corporation,Q
FFIN,"First Financial Bankshares, Inc.",Q
FFIV,"F5 Networks, Inc.",Q
FFNW,"First Financial Northwest, Inc.",Q
FFWM,First Foundation Inc.,G
FGBI,"First Guaranty Bancshares, Inc.",G
FGEN,"FibroGen, Inc",Q
FHB,"First Hawaiian, Inc.",Q
FHTX,Foghorn Therapeutics Inc.,G
FISI,"Financial Institutions, Inc.",Q
FISV,"Fiserv, Inc.",Q
FITB,Fifth Third Bancorp,Q
FIVE,"Five Below, Inc.",Q
FIVN,"Five9, Inc.",G
FIXX,"Homology Medicines, Inc.",Q
FIZZ,National Beverage Corp.,Q
FLDM,Fluidigm Corporation,Q
FLGT,"Fulgent Genetics, Inc.",G
FLIC,The First of Long Island Corporation,S
FLIR,"FLIR Systems, Inc.",Q
FLL,"Full House Resorts, Inc.",S
FLNT,"Fluent, Inc.",G
FLUX,"Flux Power Holdings, Inc.",S
FLXN,"Flexion Therapeutics, Inc.",G
FLXS,"Flexsteel Industries, Inc.",Q
FMAO,"Farmers & Merchants Bancorp, Inc.",S
FMBH,"First Mid Bancshares, Inc.",G
FMBI,"First Midwest Bancorp, Inc.",Q
FMNB,Farmers National Banc Corp.,S
FMTX,"Forma Therapeutics Holdings, Inc.",G
FNCB,FNCB Bancorp Inc.,S
FNHC,FedNat Holding Company,G
FNLC,"First Bancorp, Inc (ME)",Q
FNWB,First Northwest Bancorp,G
FOCS,Focus Financial Partners Inc.,Q
FOLD,"Amicus Therapeutics, Inc.",G
FONR,Fonar Corporation,S
FORD,"Forward Industries, Inc.",S
FORM,"FormFactor, Inc.",Q
FORR,"Forrester Research, Inc.",Q
FOSL,"Fossil Group, Inc.",Q
FOXF,Fox Factory Holding Corp.,Q
FPAY,"FlexShopper, Inc.",S
FPRX,"Five Prime Therapeutics, Inc.",Q
FRAF,Franklin Financial Services Corporation,S
FRAN,Francesca's Holdings Corporation,Q
FRBA,First Bank,G
FRBK,"Republic First Bancorp, Inc.",G
FREQ,"Frequency Therapeutics, Inc.",Q
FRG,"Franchise Group, Inc.",G
FRGI,"Fiesta Restaurant Group, Inc.",Q
FRHC,Freedom Holding Corp.,S
FRME,First Merchants Corporation,Q
FRPH,"FRP Holdings, Inc.",Q
FRPT,"Freshpet, Inc.",G
FRTA,"Forterra, Inc.",Q
FSBW,"FS Bancorp, Inc.",S
FSEA,First Seacoast Bancorp,S
FSFG,"First Savings Financial Group, Inc.",S
FSLR,"First Solar, Inc.",Q
FSTR,L.B. Foster Company,Q
FTDR,"frontdoor, inc.",Q
FTEK,"Fuel Tech, Inc.",S
FTFT,Future FinTech Group Inc.,S
FTHM,Fathom Holdings Inc.,S
FTNT,"Fortinet, Inc.",Q
FULC,"Fulcrum Therapeutics, Inc.",G
FULT,Fulton Financial Corporation,Q
FUNC,First United Corporation,Q
FUSB,"First US Bancshares, Inc.",S
FUV,"Arcimoto, Inc.",S
FVCB,"FVCBankcorp, Inc.",S
FWRD,Forward Air Corporation,Q
FXNC,First National Corporation,S
GABC,"German American Bancorp, Inc.",Q
GALT,Galectin Therapeutics Inc.,S
GBCI,"Glacier Bancorp, Inc.",Q
GBDC,"Golub Capital BDC, Inc.",Q
GBT,"Global Blood Therapeutics, Inc.",Q
GCBC,"Greene County Bancorp, Inc.",S
GDEN,"Golden Entertainment, Inc.",G
GEC,"Great Elm Capital Group, Inc. ",Q
GECC,Great Elm Capital Corp.,G
GENC,Gencor Industries Inc.,G
GEOS,Geospace Technologies Corporation,Q
GERN,Geron Corporation,Q
GEVO,"Gevo, Inc.",S
GFED,"Guaranty Federal Bancshares, Inc.",G
GFN,General Finance Corporation,G
GH,"Guardant Health, Inc.",Q
GHSI,"Guardion Health Sciences, Inc.",S
GIFI,"Gulf Island Fabrication, Inc.",Q
GIII,"G-III Apparel Group, LTD.",Q
GILD,"Gilead Sciences, Inc.",Q
GLAD,Gladstone Capital Corporation,Q
GLBS,Globus Maritime Limited,S
GLBZ,Glen Burnie Bancorp,S
GLDD,Great Lakes Dredge & Dock Corporation,Q
GLG,"TD Holdings, Inc.",S
GLPI,"Gaming and Leisure Properties, Inc.",Q
GLTO,"Galecto, Inc.",Q
GLUU,Glu Mobile Inc.,Q
GLYC,"GlycoMimetics, Inc.",G
GMBL,Esports Entertainment Group Inc.,S
GNCA,"Genocea Biosciences, Inc.",S
GNMK,"GenMark Diagnostics, Inc.",G
GNPX,"Genprex, Inc.",S
GNRS,Greenrose Acquisition Corp.,S
GNSS,Genasys Inc.,S
GNTX,Gentex Corporation,Q
GNTY,"Guaranty Bancshares, Inc.",Q
GNUS,"Genius Brands International, Inc.",S
GO,Grocery Outlet Holding Corp.,Q
GOGL,Golden Ocean Group Limited,Q
GOGO,Gogo Inc.,Q
GOSS,"Gossamer Bio, Inc.",Q
GOVX,"GeoVax Labs, Inc.",S
GPOR,Gulfport Energy Corporation,Q
GPRE,"Green Plains, Inc.",Q
GRAY,"Graybug Vision, Inc.",G
GRBK,"Green Brick Partners, Inc.",S
GRIF,"Griffin Industrial Realty, Inc.",G
GRIL,"Muscle Maker, Inc",S
GRMN,Garmin Ltd.,Q
GRNQ,Greenpro Capital Corp.,S
GRNV,GreenVision Acquisition Corp,S
GRPN,"Groupon, Inc.",Q
GRTS,"Gritstone Oncology, Inc.",Q
GRTX,"Galera Therapeutics, Inc.",G
GRWG,GrowGeneration Corp.,S
GSBC,"Great Southern Bancorp, Inc.",Q
GSIT,"GSI Technology, Inc.",Q
GSKY,"GreenSky, Inc.",Q
GT,The Goodyear Tire & Rubber Company,Q
GTHX,"G1 Therapeutics, Inc.",Q
GTIM,Good Times Restaurants Inc.,S
GTLS,"Chart Industries, Inc.",Q
GTYH,"GTY Technology Holdings, Inc.",S
GURE,"Gulf Resources, Inc.",Q
GVP,"GSE Systems, Inc.",S
GWGH,"GWG Holdings, Inc",S
GYRO,"Gyrodyne , LLC",S
HA,"Hawaiian Holdings, Inc.",Q
HAFC,Hanmi Financial Corporation,Q
HAIN,"The Hain Celestial Group, Inc.",Q
HALL,"Hallmark Financial Services, Inc.",G
HALO,"Halozyme Therapeutics, Inc.",Q
HARP,"Harpoon Therapeutics, Inc.",Q
HAS,"Hasbro, Inc.",Q
HAYN,"Haynes International, Inc.",Q
HBAN,Huntington Bancshares Incorporated,Q
HBCP,"Home Bancorp, Inc.",Q
HBIO,"Harvard Bioscience, Inc.",G
HBMD,"Howard Bancorp, Inc.",S
HBNC,"Horizon Bancorp, Inc.",Q
HBP,"Huttig Building Products, Inc.",S
HBT,"HBT Financial, Inc.",Q
HCAP,Harvest Capital Credit Corporation,G
HCCI,"Heritage-Crystal Clean, Inc.",Q
HCDI,"Harbor Custom Development, Inc.",S
HCKT,"The Hackett Group, Inc.",Q
HCSG,"Healthcare Services Group, Inc.",Q
HDS,"HD Supply Holdings, Inc.",Q
HDSN,"Hudson Technologies, Inc.",S
HEAR,Turtle Beach Corporation,G
HEES,"H&E Equipment Services, Inc.",Q
HELE,Helen of Troy Limited,Q
HEPA,"Hepion Pharmaceuticals, Inc.",S
HFBL,"Home Federal Bancorp, Inc. of Louisiana",S
HFFG,HF Foods Group Inc.,S
HFWA,Heritage Financial Corporation,Q
HGBL,Heritage Global Inc.,S
HGEN,"Humanigen, Inc.",S
HGSH,"China HGS Real Estate, Inc.",S
HIBB,"Hibbett Sports, Inc.",Q
HIFS,Hingham Institution for Savings,G
HIHO,Highway Holdings Limited,S
HJLI,"Hancock Jaffe Laboratories, Inc.",S
HLIO,"Helios Technologies, Inc.",Q
HLIT,Harmonic Inc.,Q
HMHC,Houghton Mifflin Harcourt Company,Q
HMNF,"HMN Financial, Inc.",G
HMST,"HomeStreet, Inc.",Q
HMSY,HMS Holdings Corp,Q
HNNA,"Hennessy Advisors, Inc.",S
HNRG,Hallador Energy Company,S
HOFT,Hooker Furniture Corporation,Q
HOFV,Hall of Fame Resort &amp; Entertainment Company,S
HOLI,"Hollysys Automation Technologies, Ltd.",Q
HOLX,"Hologic, Inc.",Q
HONE,"HarborOne Bancorp, Inc.",Q
HOOK,HOOKIPA Pharma Inc.,Q
HOPE,"Hope Bancorp, Inc.",Q
HOTH,"Hoth Therapeutics, Inc.",S
HPK,"HighPeak Energy, Inc.",G
HQI,"HireQuest, Inc.",S
HQY,"HealthEquity, Inc.",Q
HRMY,"Harmony Biosciences Holdings, Inc.",G
HROW,"Harrow Health, Inc.",G
HRTX,"Heron Therapeutics, Inc.  ",S
HRZN,Horizon Technology Finance Corporation,Q
HSIC,"Henry Schein, Inc.",Q
HSII,"Heidrick & Struggles International, Inc.",Q
HSKA,Heska Corporation,S
HSON,"Hudson Global, Inc.",Q
HST,Host Hotels ,Q
HSTM,"HealthStream, Inc.",Q
HSTO,Histogen Inc.,S
HTBI,"HomeTrust Bancshares, Inc.",Q
HTBK,Heritage Commerce Corp,Q
HTBX,"Heat Biologics, Inc.",S
HTGM,"HTG Molecular Diagnostics, Inc.",S
HTLD,"Heartland Express, Inc.",Q
HTLF,"Heartland Financial USA, Inc.",Q
HURC,"Hurco Companies, Inc.",Q
HURN,Huron Consulting Group Inc.,Q
HVBC,"HV Bancorp, Inc.",S
HWBK,"Hawthorn Bancshares, Inc.",Q
HWC,Hancock Whitney Corporation,Q
HWCC,Houston Wire & Cable Company,Q
HWKN,"Hawkins, Inc.",Q
HYRE,HyreCar Inc.,S
IAC,IAC/InterActiveCorp,Q
IART,Integra LifeSciences Holdings Corporation,Q
IBCP,Independent Bank Corporation,Q
IBOC,International Bancshares Corporation,Q
IBTX,"Independent Bank Group, Inc",Q
ICAD,icad inc.,S
ICBK,"County Bancorp, Inc.",G
ICCC,ImmuCell Corporation,S
ICCH,"ICC Holdings, Inc.",S
ICFI,"ICF International, Inc.",Q
ICMB,"Investcorp Credit Management BDC, Inc.",Q
ICON,"Iconix Brand Group, Inc.",Q
ICPT,"Intercept Pharmaceuticals, Inc.",Q
ICUI,"ICU Medical, Inc.",Q
IDCC,"InterDigital, Inc.",Q
IDEX,"Ideanomics, Inc.",S
IDN,"Intellicheck, Inc.",G
IDRA,"Idera Pharmaceuticals, Inc.",S
IDXG,"Interpace Biosciences, Inc.",S
IDXX,"IDEXX Laboratories, Inc.",Q
IDYA,"IDEAYA Biosciences, Inc.",Q
IEA,"Infrastructure and Energy Alternatives, Inc.",S
IEC,IEC Electronics Corp.,G
IESC,"IES Holdings, Inc.",G
IFMK,iFresh Inc.,S
IFRX,InflaRx N.V.,Q
IGMS,"IGM Biosciences, Inc.",Q
III,"Information Services Group, Inc.",G
IIIN,"Insteel Industries, Inc.",Q
IIIV,"i3 Verticals, Inc.",Q
IIN,IntriCon Corporation,G
IIVI,II-VI Incorporated,Q
IKNX,Ikonics Corporation,S
ILMN,"Illumina, Inc.",Q
IMAC,"IMAC Holdings, Inc.",S
IMGN,"ImmunoGen, Inc.",Q
IMMR,Immersion Corporation,Q
IMNM,"Immunome, Inc.",S
IMRA,IMARA Inc.,Q
IMUX,"Immunic, Inc. ",Q
IMVT,"Immunovant, Inc. ",Q
IMXI,"International Money Express, Inc.",S
INBK,First Internet Bancorp,Q
INBX,"Inhibrx, Inc.",G
INCY,Incyte Corporation,Q
INDB,Independent Bank Corp.,Q
INFI,"Infinity Pharmaceuticals, Inc.",Q
INFN,Infinera Corporation,Q
INGN,"Inogen, Inc",Q
INO,"Inovio Pharmaceuticals, Inc.",Q
INOD,Innodata Inc.,G
INPX,Inpixon ,S
INSE,"Inspired Entertainment, Inc.",S
INSG,Inseego Corp.,Q
INSM,"Insmed, Inc.",Q
INTC,Intel Corporation,Q
INTG,The Intergroup Corporation,S
INTU,Intuit Inc.,Q
INTZ,Intrusion Inc.,S
INVA,"Innoviva, Inc.",Q
INVE,"Identiv, Inc.",S
INZY,"Inozyme Pharma, Inc.",Q
IONS,"Ionis Pharmaceuticals, Inc.",Q
IOSP,Innospec Inc.,Q
IOVA,"Iovance Biotherapeutics, Inc.",G
IPAR,"Inter Parfums, Inc.",Q
IPDN,"Professional Diversity Network, Inc.",S
IPGP,IPG Photonics Corporation,Q
IPHI,Inphi Corporation,Q
IPWR,Ideal Power Inc.,S
IRBT,iRobot Corporation,Q
IRDM,Iridium Communications Inc,Q
IRIX,IRIDEX Corporation,G
IRMD,iRadimed Corporation,S
IROQ,"IF Bancorp, Inc.",S
IRTC,"iRhythm Technologies, Inc.",Q
ISBC,"Investors Bancorp, Inc.",Q
ISEE,"IVERIC bio, Inc.",Q
ISIG,"Insignia Systems, Inc.",S
ISNS,"Image Sensing Systems, Inc.",S
ISRG,"Intuitive Surgical, Inc.",Q
ISSC,"Innovative Solutions and Support, Inc.",Q
ISTR,Investar Holding Corporation,G
ITCI,Intra-Cellular Therapies Inc.,Q
ITI,"Iteris, Inc.",S
ITIC,Investors Title Company,Q
ITOS,"iTeos Therapeutics, Inc.",G
ITRI,"Itron, Inc.",Q
IVAC,"Intevac, Inc.",Q
IZEA,"IZEA Worldwide, Inc.",S
JACK,Jack In The Box Inc.,Q
JAGX,"Jaguar Health, Inc.",S
JAKK,"JAKKS Pacific, Inc.",Q
JAMF,Jamf Holding Corp.,Q
JAN,JanOne Inc.,S
JBHT,"J.B. Hunt Transport Services, Inc.",Q
JBLU,JetBlue Airways Corporation,Q
JBSS,"John B. Sanfilippo & Son, Inc.",Q
JCOM,"j2 Global, Inc.",Q
JCS,"Communications Systems, Inc.",G
JJSF,J & J Snack Foods Corp.,Q
JKHY,"Jack Henry & Associates, Inc.",Q
JNCE,"Jounce Therapeutics, Inc.",Q
JRSH,"Jerash Holdings (US), Inc.",S
JUPW,"Jupiter Wellness, Inc.",S
JVA,"Coffee Holding Co., Inc.",S
JYNT,The Joint Corp.,S
KALA,"Kala Pharmaceuticals, Inc.",Q
KALU,Kaiser Aluminum Corporation,Q
KALV,"KalVista Pharmaceuticals, Inc.",G
KBNT,"Kubient, Inc.",S
KBSF,KBS Fashion Group Limited,S
KDMN,"Kadmon Holdings, Inc.",Q
KDNY,"Chinook Therapeutics, Inc.",Q
KDP,Keurig Dr Pepper Inc.,Q
KE,"Kimball Electronics, Inc.",Q
KEQU,Kewaunee Scientific Corporation,G
KERN,Akerna Corp.,S
KFFB,Kentucky First Federal Bancorp,G
KFRC,"Kforce, Inc.",Q
KHC,The Kraft Heinz Company,Q
KIDS,OrthoPediatrics Corp.,G
KIN,"Kindred Biosciences, Inc.",S
KINS,"Kingstone Companies, Inc",S
KIRK,"Kirkland's, Inc.",Q
KLAC,KLA Corporation ,Q
KLDO,"Kaleido Biosciences, Inc.",Q
KLIC,"Kulicke and Soffa Industries, Inc.",Q
KLXE,"KLX Energy Services Holdings, Inc. ",Q
KNDI,"Kandi Technologies Group, Inc.",Q
KNSL,"Kinsale Capital Group, Inc.",Q
KOD,Kodiak Sciences Inc,G
KOPN,Kopin Corporation,S
KOSS,Koss Corporation,S
KPTI,Karyopharm Therapeutics Inc.,Q
KRBP,"Kiromic BioPharma, Inc.",S
KRMD,"Repro Med Systems, Inc.",S
KRNY,Kearny Financial,Q
KRON,"Kronos Bio, Inc.",Q
KRTX,"Karuna Therapeutics, Inc.",G
KRYS,"Krystal Biotech, Inc.",G
KSPN,Kaspien Holdings Inc.,S
KTCC,Key Tronic Corporation,G
KTOS,"Kratos Defense & Security Solutions, Inc.",Q
KTRA,"Kintara Therapeutics, Inc.",S
KURA,"Kura Oncology, Inc.",Q
KVHI,"KVH Industries, Inc.",Q
KYMR,"Kymera Therapeutics, Inc.",G
KZR,"Kezar Life Sciences, Inc.",Q
LACQ,Leisure Acquisition Corp.,S
LAKE,"Lakeland Industries, Inc.",G
LANC,Lancaster Colony Corporation,Q
LAND,Gladstone Land Corporation,G
LARK,Landmark Bancorp Inc.,G
LASR,"nLIGHT, Inc.",Q
LAWS,"Lawson Products, Inc.",Q
LAZY,"Lazydays Holdings, Inc.",S
LBAI,"Lakeland Bancorp, Inc.",Q
LBC,Luther Burbank Corporation,Q
LCNB,LCNB Corporation,S
LCUT,"Lifetime Brands, Inc.",Q
LE,"Lands' End, Inc.",S
LEDS,SemiLEDS Corporation,S
LEGH,Legacy Housing Corporation,Q
LESL,"Leslie's, Inc.",Q
LEVL,"Level One Bancorp, Inc.",Q
LFUS,"Littelfuse, Inc.",Q
LFVN,Lifevantage Corporation,S
LGIH,"LGI Homes, Inc.",Q
LGND,Ligand Pharmaceuticals Incorporated,G
LIFE,"aTyr Pharma, Inc.",S
LINC,Lincoln Educational Services Corporation,Q
LIND,Lindblad Expeditions Holdings Inc. ,S
LIQT,"LiqTech International, Inc.",S
LITE,Lumentum Holdings Inc.,Q
LIVE,Live Ventures Incorporated,S
LIVX,"LiveXLive Media, Inc.",S
LJPC,La Jolla Pharmaceutical Company,S
LKFN,Lakeland Financial Corporation,Q
LKQ,LKQ Corporation,Q
LLNW,"Limelight Networks, Inc.",Q
LMAT,"LeMaitre Vascular, Inc.",G
LMB,"Limbach Holdings, Inc.",S
LMFA,"LM Funding America, Inc.",S
LMNR,Limoneira Co,Q
LMNX,Luminex Corporation,Q
LMPX,"LMP Automotive Holdings, Inc.",S
LMST,"Limestone Bancorp, Inc.",S
LNDC,Landec Corporation,Q
LNSR,"LENSAR, Inc.",S
LNT,Alliant Energy Corporation,Q
LNTH,"Lantheus Holdings, Inc.",G
LOAN,"Manhattan Bridge Capital, Inc",S
LOB,"Live Oak Bancshares, Inc.",Q
LOCO,"El Pollo Loco Holdings, Inc.",Q
LOGC,"LogicBio Therapeutics, Inc.",G
LOOP,"Loop Industries, Inc.",G
LOPE,"Grand Canyon Education, Inc.",Q
LORL,"Loral Space and Communications, Inc.",Q
LOVE,The Lovesac Company,G
LPCN,Lipocine Inc.,S
LPLA,LPL Financial Holdings Inc.,Q
LPSN,"LivePerson, Inc.",Q
LPTX,"Leap Therapeutics, Inc.",G
LQDA,"Liquidia Technologies, Inc.",S
LQDT,"Liquidity Services, Inc.",Q
LRCX,Lam Research Corporation,Q
LRMR,"Larimar Therapeutics, Inc.",G
LSAC,LifeSci Acquisition Corp.,S
LSBK,"Lake Shore Bancorp, Inc.",G
LSCC,Lattice Semiconductor Corporation,Q
LSTR,"Landstar System, Inc.",Q
LTBR,Lightbridge Corporation,S
LTRN,Lantern Pharma Inc.,S
LTRX,"Lantronix, Inc.",S
LULU,lululemon athletica inc.,Q
LUMO,"Lumos Pharma, Inc.",G
LUNA,Luna Innovations Incorporated,S
LUNG,Pulmonx Corporation,Q
LWAY,"Lifeway Foods, Inc.",G
LXRX,"Lexicon Pharmaceuticals, Inc.",Q
LYRA,"Lyra Therapeutics, Inc.",G
LYTS,LSI Industries Inc.,Q
MACK,"Merrimack Pharmaceuticals, Inc.",G
MANH,"Manhattan Associates, Inc.",Q
MARA,"Marathon Patent Group, Inc.",S
MARK,"Remark Holdings, Inc.",S
MASI,Masimo Corporation,Q
MAT,"Mattel, Inc.",Q
MAYS,"J. W. Mays, Inc.",S
MBCN,Middlefield Banc Corp.,S
MBII,"Marrone Bio Innovations, Inc.",S
MBIN,Merchants Bancorp,S
MBIO,"Mustang Bio, Inc.",G
MBOT,Microbot Medical Inc. ,S
MBRX,"Moleculin Biotech, Inc.",S
MBUU,"Malibu Boats, Inc.",G
MBWM,Mercantile Bank Corporation,Q
MCAC,Mountain Crest Acquisition Corp.,S
MCBC,Macatawa Bank Corporation,Q
MCBS,"MetroCity Bankshares, Inc.",Q
MCFT,"MasterCraft Boat Holdings, Inc.",G
MCHP,Microchip Technology Incorporated,Q
MCMJ,Merida Merger Corp. I,S
MCRB,"Seres Therapeutics, Inc.",Q
MCRI,"Monarch Casino & Resort, Inc.",Q
MDGL,"Madrigal Pharmaceuticals, Inc.",Q
MDRR,"Medalist Diversified REIT, Inc.",S
MDXG,"MiMedx Group, Inc",S
MEDP,"Medpace Holdings, Inc.",Q
MEDS,"Trxade Group, Inc.",S
MEIP,"MEI Pharma, Inc.",S
MELI,"MercadoLibre, Inc.",Q
MEOH,Methanex Corporation,Q
MERC,Mercer International Inc.,Q
MESA,"Mesa Air Group, Inc.",Q
METC,"Ramaco Resources, Inc.",Q
MFIN,Medallion Financial Corp.,Q
MFNC,Mackinac Financial Corporation,S
MGEE,MGE Energy Inc.,Q
MGEN,"Miragen Therapeutics, Inc.",S
MGI,"Moneygram International, Inc.",Q
MGLN,"Magellan Health, Inc.",Q
MGNI,"Magnite, Inc.",Q
MGNX,"MacroGenics, Inc.",Q
MGPI,"MGP Ingredients, Inc.",Q
MGRC,McGrath RentCorp,Q
MGTA,"Magenta Therapeutics, Inc.",G
MGYR,"Magyar Bancorp, Inc.",G
MHLD,"Maiden Holdings, Ltd.",S
MICT,"MICT, Inc.",S
MIDD,The Middleby Corporation,Q
MIK,"The Michaels Companies, Inc.",Q
MIND,"MIND Technology, Inc.",Q
MITK,"Mitek Systems, Inc.",S
MKGI,"Monaker Group, Inc.",S
MKSI,"MKS Instruments, Inc.",Q
MKTX,"MarketAxess Holdings, Inc.",Q
MLAB,"Mesa Laboratories, Inc.",Q
MLHR,"Herman Miller, Inc.",Q
MLND,"Millendo Therapeutics, Inc. ",S
MLVF,"Malvern Bancorp, Inc.",G
MMAC,"MMA Capital Holdings, Inc.",S
MMSI,"Merit Medical Systems, Inc.",Q
MNCL,Monocle Acquisition Corporation,S
MNKD,MannKind Corporation,G
MNOV,"MediciNova, Inc.",G
MNPR,Monopar Therapeutics Inc.,S
MNRO,"Monro, Inc. ",Q
MNSB,"MainStreet Bancshares, Inc.",S
MNST,Monster Beverage Corporation,Q
MOBL,"MobileIron, Inc.",Q
MOFG,"MidWestOne Financial Group, Inc.",Q
MORF,"Morphic Holding, Inc.",G
MORN,"Morningstar, Inc.",Q
MOSY,"MoSys, Inc.",S
MOTS,"Motus GI Holdings, Inc.",S
MOXC,"Moxian, Inc.",S
MPAA,"Motorcar Parts of America, Inc.",Q
MPB,Mid Penn Bancorp,G
MPWR,"Monolithic Power Systems, Inc.",Q
MRAM,"Everspin Technologies, Inc.",G
MRBK,Meridian Corporation,Q
MRCC,Monroe Capital Corporation,Q
MRCY,Mercury Systems Inc,Q
MRIN,Marin Software Incorporated,G
MRKR,"Marker Therapeutics, Inc.",G
MRLN,Marlin Business Services Corp.,Q
MRNA,"Moderna, Inc.",Q
MRNS,"Marinus Pharmaceuticals, Inc.",G
MRSN,"Mersana Therapeutics, Inc.",Q
MRTN,"Marten Transport, Ltd.",Q
MRTX,"Mirati Therapeutics, Inc.",Q
MRVL,Marvell Technology Group Ltd.,Q
MSBI,"Midland States Bancorp, Inc.",Q
MSEX,Middlesex Water Company,Q
MSFT,Microsoft Corporation,Q
MSON,"MISONIX, Inc.",G
MSVB,"Mid-Southern Bancorp, Inc.",S
MTBC,"MTBC, Inc.",G
MTCH,"Match Group, Inc.",Q
MTCR,"Metacrine, Inc.",G
MTEM,"Molecular Templates, Inc.",S
MTEX,"Mannatech, Incorporated",Q
MTRX,Matrix Service Company,Q
MTSC,MTS Systems Corporation,Q
MTSI,"MACOM Technology Solutions Holdings, Inc.",Q
MU,"Micron Technology, Inc.",Q
MVBF,MVB Financial Corp.,S
MVIS,"MicroVision, Inc.",G
MWK,"Mohawk Group Holdings, Inc.",S
MXIM,"Maxim Integrated Products, Inc.",Q
MYFW,"First Western Financial, Inc.",Q
MYGN,"Myriad Genetics, Inc.",Q
MYL,Mylan N.V.,Q
MYOK,"MyoKardia, Inc.",Q
MYOS,MYOS RENS Technology Inc.,S
MYRG,"MYR Group, Inc.",Q
MYSZ,"My Size, Inc.",S
NAII,"Natural Alternatives International, Inc.",G
NAOV,"NanoVibronix, Inc.",S
NARI,"Inari Medical, Inc.",Q
NATH,"Nathan's Famous, Inc.",Q
NATI,National Instruments Corporation,Q
NATR,"Nature's Sunshine Products, Inc.",S
NAVI,Navient Corporation,Q
NBEV,"NewAge, Inc.",S
NBIX,"Neurocrine Biosciences, Inc.",Q
NBN,Northeast Bank,G
NBSE,"NeuBase Therapeutics, Inc. ",S
NBTB,NBT Bancorp Inc.,Q
NCBS,Nicolet Bankshares Inc.,S
NCMI,"National CineMedia, Inc.",Q
NCNO,"nCino, Inc.",Q
NCSM,"NCS Multistage Holdings, Inc.",Q
NDAQ,"Nasdaq, Inc.",Q
NDLS,Noodles & Company,Q
NDRA,ENDRA Life Sciences Inc.,S
NDSN,Nordson Corporation,Q
NEO,"NeoGenomics, Inc.",S
NEOG,Neogen Corporation,Q
NEON,Neonode Inc.,S
NEOS,"Neos Therapeutics, Inc.",G
NEPH,"Nephros, Inc.",S
NERV,"Minerva Neurosciences, Inc",G
NETE,"Net Element, Inc.",S
NEWT,Newtek Business Services Corp.,G
NEXT,NextDecade Corporation,S
NFBK,"Northfield Bancorp, Inc.",Q
NFLX,"Netflix, Inc.",Q
NGHC,National General Holdings Corp,G
NGM,"NGM Biopharmaceuticals, Inc.",Q
NH,"NantHealth, Inc.",Q
NHLD,National Holdings Corporation,S
NICK,"Nicholas Financial, Inc.",Q
NK,"NantKwest, Inc.",Q
NKLA,Nikola Corporation,Q
NKSH,"National Bankshares, Inc.",S
NKTR,Nektar Therapeutics,Q
NKTX,"Nkarta, Inc.",Q
NLOK,NortonLifeLock Inc.,Q
NLTX,"Neoleukin Therapeutics, Inc.",G
NMFC,New Mountain Finance Corporation,Q
NMIH,NMI Holdings Inc,G
NMRD,Nemaura Medical Inc.,S
NMTR,"9 Meters Biopharma, Inc.",S
NNBR,"NN, Inc.",Q
NODK,"NI Holdings, Inc.",S
NOVN,"Novan, Inc.",S
NOVS,Novus Capital Corporation,S
NRBO,"NeuroBo Pharmaceuticals, Inc.",S
NRC,National Research Corporation,Q
NRIM,Northrim BanCorp Inc,Q
NSEC,"National Security Group, Inc.",G
NSIT,"Insight Enterprises, Inc.",Q
NSSC,"NAPCO Security Technologies, Inc.",Q
NSTG,"NanoString Technologies, Inc.",G
NSYS,Nortech Systems Incorporated,S
NTAP,"NetApp, Inc.",Q
NTCT,"NetScout Systems, Inc.",Q
NTGR,"NETGEAR, Inc.",Q
NTIC,Northern Technologies International Corporation,G
NTLA,"Intellia Therapeutics, Inc.",G
NTRA,"Natera, Inc.",Q
NTRP,"Neurotrope, Inc.",S
NTRS,Northern Trust Corporation,Q
NTUS,Natus Medical Incorporated,Q
NTWK,NETSOL Technologies Inc.,S
NUAN,"Nuance Communications, Inc.",Q
NURO,"NeuroMetrix, Inc.",S
NUVA,"NuVasive, Inc.",Q
NUZE,"NuZee, Inc.",S
NVAX,"Novavax, Inc.",Q
NVDA,NVIDIA Corporation,Q
NVEC,NVE Corporation,S
NVEE,"NV5 Global, Inc.",S
NVFY,"Nova Lifestyle, Inc",S
NVIV,InVivo Therapeutics Holdings Corp.,S
NVUS,"Novus Therapeutics, Inc.",S
NWBI,"Northwest Bancshares, Inc.",Q
NWE,NorthWestern Corporation,Q
NWFL,Norwood Financial Corp.,G
NWL,Newell Brands Inc.,Q
NWPX,Northwest Pipe Company,Q
NXGN,"NextGen Healthcare, Inc.",Q
NXPI,NXP Semiconductors N.V.,Q
NXTC,"NextCure, Inc.",Q
NXTD,NXT-ID Inc.,S
NYMT,"New York Mortgage Trust, Inc.",Q
NYMX,Nymox Pharmaceutical Corporation,S
OBCI,"Ocean Bio-Chem, Inc.",S
OBLN,"Obalon Therapeutics, Inc.",G
OBNK,"Origin Bancorp, Inc.",Q
OCC,Optical Cable Corporation,G
OCCI,"OFS Credit Company, Inc.",S
OCFC,OceanFirst Financial Corp.,Q
OCGN,"Ocugen, Inc.",S
OCSI,Oaktree Strategic Income Corporation,Q
OCSL,Oaktree Specialty Lending Corporation,Q
OCUL,"Ocular Therapeutix, Inc.",G
OCUP,"Ocuphire Pharma, Inc.",S
ODFL,"Old Dominion Freight Line, Inc.",Q
ODP,The ODP Corporation,Q
ODT,"Odonate Therapeutics, Inc.",Q
OEG,"Orbital Energy Group, Inc.",S
OESX,"Orion Energy Systems, Inc.",S
OFED,Oconee Federal Financial Corp.,S
OFIX,Orthofix Medical Inc. ,Q
OFLX,"Omega Flex, Inc.",G
OFS,OFS Capital Corporation,Q
OLB,"The OLB Group, Inc.",S
OLED,Universal Display Corporation,Q
OLLI,"Ollie's Bargain Outlet Holdings, Inc.",G
OM,"Outset Medical, Inc.",Q
OMCL,"Omnicell, Inc.",Q
OMER,Omeros Corporation,G
OMEX,"Odyssey Marine Exploration, Inc.",S
ON,ON Semiconductor Corporation,Q
ONB,Old National Bancorp,Q
ONCR,"Oncorus, Inc.",G
ONCS,OncoSec Medical Incorporated,S
ONCT,"Oncternal Therapeutics, Inc. ",S
ONEM,"1Life Healthcare, Inc.",Q
ONTX,"Onconova Therapeutics, Inc.",S
ONVO,"Organovo Holdings, Inc.",S
OPBK,OP Bancorp,G
OPCH,"Option Care Health, Inc.",Q
OPES,Opes Acquisition Corp.,S
OPGN,"OpGen, Inc.",S
OPHC,"OptimumBank Holdings, Inc.",S
OPK,"Opko Health, Inc.",Q
OPNT,"Opiant Pharmaceuticals, Inc.",S
OPOF,Old Point Financial Corporation,S
OPRX,OptimizeRx Corporation,S
OPTN,"OptiNose, Inc.",Q
OPTT,"Ocean Power Technologies, Inc.",S
ORBC,ORBCOMM Inc.,Q
ORGS,Orgenesis Inc.,S
ORIC,"Oric Pharmaceuticals, Inc.",Q
ORLY,"O'Reilly Automotive, Inc.",Q
ORMP,Oramed Pharmaceuticals Inc.,S
ORRF,Orrstown Financial Services Inc,S
ORSN,Orisun Acquisition Corp.,S
OSBC,"Old Second Bancorp, Inc.",Q
OSIS,"OSI Systems, Inc.",Q
OSPN,OneSpan Inc.,S
OSS,"One Stop Systems, Inc.",S
OSTK,"Overstock.com, Inc.",G
OSUR,"OraSure Technologies, Inc.",Q
OTEL,Otelco Inc.,S
OTIC,"Otonomy, Inc.",Q
OTLK,"Outlook Therapeutics, Inc.",S
OTRK,"Ontrak, Inc.",G
OTTR,Otter Tail Corporation,Q
OVBC,Ohio Valley Banc Corp.,G
OVID,Ovid Therapeutics Inc.,Q
OVLY,Oak Valley Bancorp (CA),S
OXLC,Oxford Lane Capital Corp.,Q
OZK,Bank OZK,Q
PAAS,Pan American Silver Corp.,Q
PACB,"Pacific Biosciences of California, Inc.",Q
PACW,PacWest Bancorp,Q
PANL,Pangaea Logistics Solutions Ltd.,S
PASG,"Passage Bio, Inc.",Q
PATI,"Patriot Transportation Holding, Inc.",Q
PATK,"Patrick Industries, Inc.",Q
PAVM,PAVmed Inc.,S
PAYA,Paya Holdings Inc.,S
PAYS,"Paysign, Inc.",S
PAYX,"Paychex, Inc.",Q
PBCT,"People's United Financial, Inc.",Q
PBFS,"Pioneer Bancorp, Inc.",S
PBHC,"Pathfinder Bancorp, Inc.",S
PBIP,"Prudential Bancorp, Inc.",G
PBPB,Potbelly Corporation,Q
PBYI,Puma Biotechnology Inc,Q
PCAR,PACCAR Inc.,Q
PCB,PCB Bancorp,Q
PCH,PotlatchDeltic Corporation,Q
PCRX,"Pacira BioSciences, Inc.",Q
PCSA,"Processa Pharmaceuticals, Inc.",S
PCSB,PCSB Financial Corporation,S
PCTI,"PCTEL, Inc.",Q
PCTY,Paylocity Holding Corporation,Q
PCVX,"Vaxcyte, Inc.",Q
PCYG,"Park City Group, Inc.",S
PCYO,Pure Cycle Corporation,S
PDCE,"PDC Energy, Inc.",Q
PDCO,"Patterson Companies, Inc.",Q
PDEX,"Pro-Dex, Inc.",S
PDFS,"PDF Solutions, Inc.",Q
PDLB,PDL Community Bancorp,G
PDLI,"PDL BioPharma, Inc.",Q
PDSB,PDS Biotechnology Corporation,S
PEBK,"Peoples Bancorp of North Carolina, Inc.",G
PEBO,Peoples Bancorp Inc.,Q
PECK,"The Peck Company Holdings, Inc.",S
PEGA,Pegasystems Inc.,Q
PEIX,"Pacific Ethanol, Inc.",S
PENN,"Penn National Gaming, Inc.",Q
PEP,"PepsiCo, Inc.",Q
PESI,"Perma-Fix Environmental Services, Inc.",S
PETS,"PetMed Express, Inc.",Q
PFBC,Preferred Bank,Q
PFBI,"Premier Financial Bancorp, Inc.",G
PFC,Premier Financial Corp. ,Q
PFG,Principal Financial Group Inc,Q
PFIE,"Profire Energy, Inc.",S
PFIS,Peoples Financial Services Corp. ,Q
PFLT,PennantPark Floating Rate Capital Ltd.,Q
PFMT,Performant Financial Corporation,Q
PFPT,"Proofpoint, Inc.",G
PFSW,"PFSweb, Inc.",S
PGC,Peapack-Gladstone Financial Corporation,Q
PGEN,"Precigen, Inc.",Q
PGNY,"Progyny, Inc.",Q
PHAS,"PhaseBio Pharmaceuticals, Inc.",G
PHAT,"Phathom Pharmaceuticals, Inc.",Q
PHIO,Phio Pharmaceuticals Corp.,S
PHUN,"Phunware, Inc.",S
PI,"Impinj, Inc.",Q
PICO,PICO Holdings Inc.,Q
PIH,"1347 Property Insurance Holdings, Inc.",G
PIRS,"Pieris Pharmaceuticals, Inc.",S
PIXY,"ShiftPixy, Inc.",S
PKBK,"Parke Bancorp, Inc.",S
PKOH,Park-Ohio Holdings Corp.,Q
PLAB,"Photronics, Inc.",Q
PLAY,"Dave & Buster's Entertainment, Inc.",Q
PLBC,Plumas Bancorp,S
PLCE,"Children's Place, Inc. (The)",Q
PLPC,Preformed Line Products Company,Q
PLRX,"Pliant Therapeutics, Inc.",Q
PLSE,"Pulse Biosciences, Inc",S
PLUG,"Plug Power, Inc.",S
PLUS,ePlus inc.,Q
PLXP,PLx Pharma Inc.,S
PLXS,Plexus Corp.,Q
PMBC,Pacific Mercantile Bancorp,Q
PMD,Psychemedics Corporation,S
PMVP,"PMV Pharmaceuticals, Inc.",Q
PNBK,Patriot National Bancorp Inc.,G
PNFP,"Pinnacle Financial Partners, Inc.",Q
PNRG,PrimeEnergy Resources Corporation,S
PNTG,"The Pennant Group, Inc.",Q
POAI,Predictive Oncology Inc.,S
PODD,Insulet Corporation,Q
POLA,"Polar Power, Inc.",S
POOL,Pool Corporation,Q
POWI,"Power Integrations, Inc.",Q
POWL,"Powell Industries, Inc.",Q
PPBI,Pacific Premier Bancorp Inc,Q
PPC,Pilgrim's Pride Corporation,Q
PPD,"PPD, Inc.",Q
PPIH,"Perma-Pipe International Holdings, Inc.",G
PPSI,"Pioneer Power Solutions, Inc.",S
PRAA,"PRA Group, Inc.",Q
PRAH,"PRA Health Sciences, Inc.",Q
PRAX,"Praxis Precision Medicines, Inc.",Q
PRCP,"Perceptron, Inc.",G
PRDO,Perdoceo Education Corporation,Q
PRFT,"Perficient, Inc.",Q
PRGS,Progress Software Corporation,Q
PRGX,"PRGX Global, Inc.",Q
PRIM,Primoris Services Corporation,Q
PRLD,Prelude Therapeutics Incorporated,Q
PROG,"Progenity, Inc.",G
PROV,"Provident Financial Holdings, Inc.",Q
PRPH,"ProPhase Labs, Inc.",S
PRPL,"Purple Innovation, Inc.",S
PRPO,"Precipio, Inc.",S
PRSC,The Providence Service Corporation,Q
PRTH,"Priority Technology Holdings, Inc.",S
PRTK,"Paratek Pharmaceuticals, Inc. ",G
PRTS,"CarParts.com, Inc.",Q
PRVB,"Provention Bio, Inc.",Q
PSAC,Property Solutions Acquisition Corp.,S
PSEC,Prospect Capital Corporation,Q
PSMT,"PriceSmart, Inc.",Q
PSNL,"Personalis, Inc.",G
PSTI,"Pluristem Therapeutics, Inc.",S
PSTV,"PLUS THERAPEUTICS, Inc.",S
PSTX,"Poseida Therapeutics, Inc.",Q
PTC,PTC Inc.,Q
PTCT,"PTC Therapeutics, Inc.",Q
PTE,"PolarityTE, Inc.",S
PTEN,"Patterson-UTI Energy, Inc.",Q
PTGX,"Protagonist Therapeutics, Inc.",G
PTI,"Proteostasis Therapeutics, Inc.",G
PTON,"Peloton Interactive, Inc.",Q
PTRS,Partners Bancorp,S
PTSI,"P.A.M. Transportation Services, Inc.",G
PULM,"Pulmatrix, Inc.",S
PVAC,Penn Virginia Corporation,Q
PVBC,"Provident Bancorp, Inc.",S
PWFL,"PowerFleet, Inc.",G
PWOD,"Penns Woods Bancorp, Inc.",Q
PXLW,"Pixelworks, Inc.",G
PXS,Pyxis Tankers Inc.,S
PYPL,"PayPal Holdings, Inc.",Q
PZZA,"Papa John's International, Inc.",Q
QCOM,QUALCOMM Incorporated,Q
QCRH,"QCR Holdings, Inc.",G
QDEL,Quidel Corporation,Q
QLGN,"Qualigen Therapeutics, Inc.",S
QLYS,"Qualys, Inc.",Q
QMCO,Quantum Corporation,G
QNST,"QuinStreet, Inc.",Q
QRHC,Quest Resource Holding Corporation,S
QRVO,"Qorvo, Inc.",Q
QTRX,Quanterix Corporation,G
QUIK,QuickLogic Corporation,S
QUMU,Qumu Corporation,S
RADI,"Radius Global Infrastructure, Inc.",G
RAIL,"Freightcar America, Inc.",Q
RAND,Rand Capital Corporation,S
RAPT,"RAPT Therapeutics, Inc.",G
RARE,Ultragenyx Pharmaceutical Inc.,Q
RAVE,"Rave Restaurant Group, Inc.",S
RAVN,"Raven Industries, Inc.",Q
RBB,RBB Bancorp,Q
RBBN,Ribbon Communications Inc. ,Q
RBCN,"Rubicon Technology, Inc.",S
RBKB,"Rhinebeck Bancorp, Inc.",S
RBNC,"Reliant Bancorp, Inc.",S
RCEL,"Avita Therapeutics, Inc.",S
RCII,Rent-A-Center Inc.,Q
RCKT,"Rocket Pharmaceuticals, Inc.",G
RCKY,"Rocky Brands, Inc.",Q
RCM,R1 RCM Inc.,Q
RCMT,"RCM Technologies, Inc.",G
RDFN,Redfin Corporation,Q
RDNT,"RadNet, Inc.",G
RDUS,"Radius Health, Inc.",G
REAL,"The RealReal, Inc.",Q
REED,"Reeds, Inc.",S
REFR,Research Frontiers Incorporated,S
REG,Regency Centers Corporation,Q
REGI,"Renewable Energy Group, Inc.",Q
REGN,"Regeneron Pharmaceuticals, Inc.",Q
REKR,"Rekor Systems, Inc.",S
RELL,"Richardson Electronics, Ltd.",Q
RELV,"Reliv' International, Inc.",S
REPH,"Recro Pharma, Inc.",S
REPL,"Replimune Group, Inc.",Q
RESN,Resonant Inc.,S
REYN,Reynolds Consumer Products Inc.,Q
RFIL,"RF Industries, Ltd.",G
RGCO,RGC Resources Inc.,G
RGEN,Repligen Corporation,Q
RGLD,"Royal Gold, Inc.",Q
RGLS,Regulus Therapeutics Inc.,S
RGNX,REGENXBIO Inc.,Q
RGP,"Resources Connection, Inc.",Q
RIBT,RiceBran Technologies,S
RICK,"RCI Hospitality Holdings, Inc.",G
RIGL,"Rigel Pharmaceuticals, Inc.",Q
RILY,"B. Riley Financial, Inc.",G
RIOT,"Riot Blockchain, Inc",S
RIVE,Riverview Financial Corporation,G
RKDA,"Arcadia Biosciences, Inc.",S
RLAY,"Relay Therapeutics, Inc.",G
RLMD,"Relmada Therapeutics, Inc.",Q
RMBI,"Richmond Mutual Bancorporation, Inc.",S
RMBS,"Rambus, Inc.",Q
RMCF,"Rocky Mountain Chocolate Factory, Inc.",G
RMNI,"Rimini Street, Inc.",G
RMRM,RMR Mortgage Trust,S
RMTI,"Rockwell Medical, Inc.",G
RNA,"Avidity Biosciences, Inc.",G
RNDB,"Randolph Bancorp, Inc.",G
RNET,"RigNet, Inc.",Q
RNST,Renasant Corporation,Q
RNWK,"RealNetworks, Inc.",Q
ROAD,"Construction Partners, Inc.",Q
ROCH,Roth CH Acquisition I Co.,S
ROCK,"Gibraltar Industries, Inc.",Q
ROIC,Retail Opportunity Investments Corp.,Q
ROLL,RBC Bearings Incorporated,Q
ROST,"Ross Stores, Inc.",Q
RP,"RealPage, Inc.",Q
RPD,"Rapid7, Inc.",G
RRBI,"Red River Bancshares, Inc.",Q
RRGB,"Red Robin Gourmet Burgers, Inc.",Q
RSSS,"Research Solutions, Inc",S
RTRX,"Retrophin, Inc.",G
RUBY,"Rubius Therapeutics, Inc.",Q
RUN,Sunrun Inc.,Q
RUTH,"Ruth's Hospitality Group, Inc.",Q
RVMD,"Revolution Medicines, Inc.",Q
RVNC,"Revance Therapeutics, Inc.",G
RVSB,Riverview Bancorp Inc,Q
RXT,"Rackspace Technology, Inc.",Q
RYTM,"Rhythm Pharmaceuticals, Inc.",G
RZLT,"Rezolute, Inc.",S
SABR,Sabre Corporation,Q
SAFM,"Sanderson Farms, Inc.",Q
SAFT,"Safety Insurance Group, Inc.",Q
SAGE,"Sage Therapeutics, Inc.",G
SAIA,"Saia, Inc.",Q
SAL,"Salisbury Bancorp, Inc.",S
SAMA,Schultze Special Purpose Acquisition Corp.,S
SAMG,Silvercrest Asset Management Group Inc.,G
SANM,Sanmina Corporation,Q
SANW,S&W Seed Company,S
SASR,"Sandy Spring Bancorp, Inc.",Q
SAVA,"Cassava Sciences, Inc.",S
SBCF,Seacoast Banking Corporation of Florida,Q
SBFG,"SB Financial Group, Inc.",S
SBNY,Signature Bank,Q
SBPH,"Spring Bank Pharmaceuticals, Inc.",S
SBRA,"Sabra Health Care REIT, Inc.",Q
SBSI,"Southside Bancshares, Inc.",Q
SBT,"Sterling Bancorp, Inc.",S
SBUX,Starbucks Corporation,Q
SCHL,Scholastic Corporation,Q
SCKT,"Socket Mobile, Inc.",S
SCOR,"comScore, Inc.",Q
SCPH,scPharmaceuticals Inc.,Q
SCSC,"ScanSource, Inc.",Q
SCVL,"Shoe Carnival, Inc.",Q
SCYX,"SCYNEXIS, Inc.",G
SDC,"SmileDirectClub, Inc.",Q
SDGR,"Schrodinger, Inc.",Q
SEAC,"SeaChange International, Inc.",Q
SEDG,"SolarEdge Technologies, Inc.",Q
SEED,Origin Agritech Limited,S
SEEL,"Seelos Therapeutics, Inc.",S
SEIC,SEI Investments Company,Q
SELB,"Selecta Biosciences, Inc.",G
SELF,"Global Self Storage, Inc.",S
SESN,"Sesen Bio, Inc.",G
SFBC,"Sound Financial Bancorp, Inc.",S
SFBS,"ServisFirst Bancshares, Inc.",Q
SFM,"Sprouts Farmers Market, Inc.",Q
SFNC,Simmons First National Corporation,Q
SFST,"Southern First Bancshares, Inc.",G
SGBX,"SG Blocks, Inc.",S
SGC,"Superior Group of Companies, Inc.",G
SGEN,Seagen Inc. ,Q
SGLB,"Sigma Labs, Inc.",S
SGMA,"SigmaTron International, Inc.",S
SGMO,"Sangamo Therapeutics, Inc.",Q
SGMS,Scientific Games Corp,Q
SGRP,"SPAR Group, Inc.",S
SGRY,"Surgery Partners, Inc.",Q
SHBI,Shore Bancshares Inc,Q
SHEN,Shenandoah Telecommunications Co,Q
SHIP,Seanergy Maritime Holdings Corp,S
SHOO,"Steven Madden, Ltd.",Q
SHSP,"SharpSpring, Inc.",S
SHYF,"The Shyft Group, Inc.",Q
SIBN,"SI-BONE, Inc.",G
SIEB,Siebert Financial Corp.,S
SIEN,"Sientra, Inc.",Q
SIGA,SIGA Technologies Inc.,G
SIGI,"Selective Insurance Group, Inc.",Q
SILK,"Silk Road Medical, Inc.",Q
SINO,"Sino-Global Shipping America, Ltd.",S
SINT,"SiNtx Technologies, Inc.",S
SIRI,Sirius XM Holdings Inc.,Q
SITM,SiTime Corporation,G
SIVB,SVB Financial Group,Q
SKYW,"SkyWest, Inc.",Q
SLAB,"Silicon Laboratories, Inc.",Q
SLCT,"Select Bancorp, Inc.",G
SLDB,Solid Biosciences Inc.,Q
SLGG,"Super League Gaming, Inc.",S
SLGL,Sol-Gel Technologies Ltd.,G
SLGN,Silgan Holdings Inc.,Q
SLM,SLM Corporation,Q
SLNO,"Soleno Therapeutics, Inc.",S
SLP,"Simulations Plus, Inc.",S
SLRC,Solar Capital Ltd.,Q
SLRX,"Salarius Pharmaceuticals, Inc.",S
SLS,"SELLAS Life Sciences Group, Inc. ",S
SMBC,"Southern Missouri Bancorp, Inc.",G
SMBK,"SmartFinancial, Inc.",S
SMCI,"Super Micro Computer, Inc.",Q
SMED,Sharps Compliance Corp.,S
SMIT,"Schmitt Industries, Inc.",S
SMMF,"Summit Financial Group, Inc.",Q
SMMT,Summit Therapeutics Inc. ,G
SMPL,The Simply Good Foods Company,S
SMSI,"Smith Micro Software, Inc.",S
SMTC,Semtech Corporation,Q
SMTI,Sanara MedTech Inc.,S
SMTX,SMTC Corporation,G
SNBP,"Sun BioPharma, Inc.",S
SNBR,Sleep Number Corporation,Q
SNCA,"Seneca Biopharma, Inc.",S
SNCR,"Synchronoss Technologies, Inc.",Q
SND,"Smart Sand, Inc.",Q
SNDE,Sundance Energy Inc. ,G
SNDX,"Syndax Pharmaceuticals, Inc.",Q
SNES,"SenesTech, Inc.",S
SNEX,StoneX Group Inc.,Q
SNGX,"Soligenix, Inc.",S
SNOA,"Sonoma Pharmaceuticals, Inc.",S
SNPS,"Synopsys, Inc.",Q
SNSS,"Sunesis Pharmaceuticals, Inc.",S
SOHO,Sotherly Hotels Inc.,G
SOLO,Electrameccanica Vehicles Corp. Ltd.,S
SOLY,"Soliton, Inc.",S
SONA,"Southern National Bancorp of Virginia, Inc.",G
SONM,"Sonim Technologies, Inc.",G
SONN,"Sonnet BioTherapeutics Holdings, Inc.",S
SONO,"Sonos, Inc.",Q
SP,SP Plus Corporation,Q
SPFI,"South Plains Financial, Inc.",Q
SPLK,Splunk Inc.,Q
SPNE,SeaSpine Holdings Corporation,Q
SPOK,"Spok Holdings, Inc.",Q
SPPI,"Spectrum Pharmaceuticals, Inc.",Q
SPRB,"Spruce Biosciences, Inc.",Q
SPRO,"Spero Therapeutics, Inc.",Q
SPRT,"Support.com, Inc.",S
SPSC,"SPS Commerce, Inc.",Q
SPTN,SpartanNash Company,Q
SPWH,"Sportsman's Warehouse Holdings, Inc.",Q
SPWR,SunPower Corporation,Q
SQBG,"Sequential Brands Group, Inc.",S
SRCE,1st Source Corporation,Q
SRCL,"Stericycle, Inc.",Q
SRDX,"Surmodics, Inc.",Q
SREV,"ServiceSource International, Inc.",Q
SRGA,"Surgalign Holdings, Inc.",Q
SRNE,"Sorrento Therapeutics, Inc.",S
SRPT,"Sarepta Therapeutics, Inc.",Q
SRRA,"Sierra Oncology, Inc.",G
SRRK,Scholar Rock Holding Corporation,Q
SRTS,"Sensus Healthcare, Inc.",S
SSB,South State Corporation,Q
SSBI,Summit State Bank,G
SSKN,"Strata Skin Sciences, Inc.",S
SSNC,"SS&C Technologies Holdings, Inc.",Q
SSNT,"SilverSun Technologies, Inc.",S
SSRM,SSR Mining Inc.,Q
SSSS,SuRo Capital Corp.,S
SSTI,"ShotSpotter, Inc.",S
SSYS,"Stratasys, Ltd.",Q
STAA,STAAR Surgical Company,G
STAF,"Staffing 360 Solutions, Inc.",S
STBA,"S&T Bancorp, Inc.",Q
STCN,"Steel Connect, Inc.",Q
STFC,State Auto Financial Corporation,Q
STIM,"Neuronetics, Inc.",G
STKL,"SunOpta, Inc.",Q
STKS,"The ONE Group Hospitality, Inc.",S
STLD,"Steel Dynamics, Inc.",Q
STMP,Stamps.com Inc.,Q
STND,Standard AVB Financial Corp.,S
STOK,"Stoke Therapeutics, Inc.",Q
STRA,"Strategic Education, Inc.",Q
STRL,Sterling Construction Company Inc,Q
STRM,"Streamline Health Solutions, Inc.",S
STRO,"Sutro Biopharma, Inc.",G
STRS,Stratus Properties Inc.,Q
STRT,STRATTEC SECURITY CORPORATION,G
STTK,"Shattuck Labs, Inc.",Q
STXB,"Spirit of Texas Bancshares, Inc.",Q
SUMO,"Sumo Logic, Inc.",Q
SUMR,"Summer Infant, Inc.",S
SUNS,Solar Senior Capital Ltd.,Q
SUNW,"Sunworks, Inc.",S
SUPN,"Supernus Pharmaceuticals, Inc.",G
SURF,"Surface Oncology, Inc.",G
SVBI,Severn Bancorp Inc,S
SVMK,SVMK Inc.,Q
SVRA,"Savara, Inc.",Q
SVVC,"Firsthand Technology Value Fund, Inc.",Q
SWAV,"ShockWave Medical, Inc.",Q
SWBI,"Smith & Wesson Brands, Inc.",Q
SWIR,"Sierra Wireless, Inc.",Q
SWKH,SWK Holdings Corporation,S
SWKS,"Skyworks Solutions, Inc.",Q
SXTC,"China SXT Pharmaceuticals, Inc.",S
SYBT,"Stock Yards Bancorp, Inc.",Q
SYBX,"Synlogic, Inc.",G
SYKE,"Sykes Enterprises, Incorporated",Q
SYNA,Synaptics Incorporated,Q
SYNC,"Synacor, Inc.",G
SYNL,Synalloy Corporation,G
SYPR,"Sypris Solutions, Inc.",G
TA,TravelCenters of America Inc. ,Q
TACO,"Del Taco Restaurants, Inc.",S
TACT,TransAct Technologies Incorporated,G
TANH,Tantech Holdings Ltd.,S
TARA,"Protara Therapeutics, Inc. ",G
TARS,"Tarsus Pharmaceuticals, Inc.",Q
TAST,"Carrols Restaurant Group, Inc.",Q
TAYD,"Taylor Devices, Inc.",S
TBBK,"The Bancorp, Inc.",Q
TBIO,"Translate Bio, Inc.",Q
TBK,"Triumph Bancorp, Inc.",Q
TBLT,"ToughBuilt Industries, Inc.",S
TBNK,Territorial Bancorp Inc.,Q
TCBI,"Texas Capital Bancshares, Inc.",Q
TCBK,TriCo Bancshares,Q
TCCO,Technical Communications Corporation,S
TCDA,"Tricida, Inc.",Q
TCF,TCF Financial Corporation,Q
TCFC,The Community Financial Corporation,S
TCMD,"Tactile Systems Technology, Inc.",G
TCON,"TRACON Pharmaceuticals, Inc.",S
TCPC,BlackRock TCP Capital Corp.,Q
TCRR,TCR2 Therapeutics Inc.,Q
TCX,Tucows Inc.,S
TDAC,Trident Acquisitions Corp.,S
TECH,Bio-Techne Corp,Q
TELL,Tellurian Inc.,S
TENB,"Tenable Holdings, Inc.",Q
TENX,"Tenax Therapeutics, Inc.",S
TER,"Teradyne, Inc.",Q
TESS,TESSCO Technologies Incorporated,Q
TFFP,"TFF Pharmaceuticals, Inc.",S
TFSL,TFS Financial Corporation,Q
TGTX,"TG Therapeutics, Inc.",S
TH,Target Hospitality Corp.,S
THCA,Tuscan Holdings Corp. II,S
THCB,Tuscan Holdings Corp.,S
THFF,First Financial Corporation Indiana,Q
THMO,"ThermoGenesis Holdings, Inc.",S
THRM,Gentherm Inc,Q
THRY,"Thryv Holdings, Inc.",S
TIG,"Trean Insurance Group, Inc.",Q
TIGO,Millicom International Cellular S.A.,Q
TILE,"Interface, Inc.",Q
TIPT,Tiptree Inc.,S
TITN,Titan Machinery Inc.,Q
TLGT,"Teligent, Inc.",Q
TMDX,"TransMedics Group, Inc.",G
TMUS,"T-Mobile US, Inc.",Q
TNAV,"Telenav, Inc.",Q
TNDM,"Tandem Diabetes Care, Inc.",G
TNXP,Tonix Pharmaceuticals Holding Corp.,G
TOMZ,"TOMI Environmental Solutions, Inc.",S
TOPS,TOP Ships Inc.,S
TOWN,Towne Bank,Q
TPCO,Tribune Publishing Company,G
TPIC,"TPI Composites, Inc.",G
TRCH,"Torchlight Energy Resources, Inc.",S
TREE,"LendingTree, Inc.",Q
TRHC,"Tabula Rasa HealthCare, Inc.",G
TRIP,"TripAdvisor, Inc.",Q
TRMB,Trimble Inc.,Q
TRMK,Trustmark Corporation,Q
TRNS,"Transcat, Inc.",G
TROW,"T. Rowe Price Group, Inc.",Q
TRS,TriMas Corporation,Q
TRST,TrustCo Bank Corp NY,Q
TRUE,"TrueCar, Inc.",Q
TRUP,"Trupanion, Inc.",G
TRVI,"Trevi Therapeutics, Inc.",G
TRVN,"Trevena, Inc.",S
TSBK,"Timberland Bancorp, Inc.",G
TSC,"TriState Capital Holdings, Inc.",Q
TSCO,Tractor Supply Company,Q
TSHA,"Taysha Gene Therapies, Inc.",Q
TSLA,"Tesla, Inc. ",Q
TSRI,"TSR, Inc.",S
TTEC,"TTEC Holdings, Inc.",Q
TTEK,"Tetra Tech, Inc.",Q
TTGT,"TechTarget, Inc.",G
TTMI,"TTM Technologies, Inc.",Q
TTNP,"Titan Pharmaceuticals, Inc.",S
TTOO,"T2 Biosystems, Inc.",G
TTWO,"Take-Two Interactive Software, Inc.",Q
TURN,180 Degree Capital Corp.,G
TUSK,"Mammoth Energy Services, Inc.",Q
TVTY,"Tivity Health, Inc.",Q
TWIN,"Twin Disc, Incorporated",Q
TWOU,"2U, Inc.",Q
TWST,Twist Bioscience Corporation,Q
TXG,"10x Genomics, Inc.",Q
TXMD,"TherapeuticsMD, Inc.",Q
TXN,Texas Instruments Incorporated,Q
TXRH,"Texas Roadhouse, Inc.",Q
TYHT,"Shineco, Inc.",S
TYME,"Tyme Technologies, Inc.",S
TZOO,Travelzoo,Q
UAL,"United Airlines Holdings, Inc.",Q
UBCP,"United Bancorp, Inc.",S
UBFO,United Security Bancshares,Q
UBOH,"United Bancshares, Inc.",G
UBSI,"United Bankshares, Inc.",Q
UBX,"Unity Biotechnology, Inc.",Q
UCBI,"United Community Banks, Inc.",Q
UCTT,"Ultra Clean Holdings, Inc.",Q
UEIC,Universal Electronics Inc.,Q
UEPS,"Net 1 UEPS Technologies, Inc.",Q
UFCS,"United Fire Group, Inc",Q
UFPI,"UFP Industries, Inc.",Q
UFPT,"UFP Technologies, Inc.",S
UG,"United-Guardian, Inc.",G
UHAL,Amerco,Q
UIHC,United Insurance Holdings Corp.,S
ULBI,Ultralife Corporation,G
ULH,"Universal Logistics Holdings, Inc.",Q
ULTA,"Ulta Beauty, Inc.",Q
UMBF,UMB Financial Corporation,Q
UMPQ,Umpqua Holdings Corporation,Q
UNAM,Unico American Corporation,G
UNB,"Union Bankshares, Inc.",G
UNIT,Uniti Group Inc.,Q
UNTY,"Unity Bancorp, Inc.",G
UPLD,"Upland Software, Inc.",G
UPWK,Upwork Inc.,Q
URBN,"Urban Outfitters, Inc.",Q
UROV,Urovant Sciences Ltd.,Q
USAK,"USA Truck, Inc.",Q
USAP,"Universal Stainless & Alloy Products, Inc.",Q
USAU,U.S. Gold Corp.,S
USCR,"U S Concrete, Inc.",Q
USEG,U.S. Energy Corp.,S
USIO,"Usio, Inc.",S
USLM,"United States Lime & Minerals, Inc.",Q
UTHR,United Therapeutics Corporation,Q
UTMD,"Utah Medical Products, Inc.",Q
UVSP,Univest Financial Corporation,Q
VALU,"Value Line, Inc.",S
VBFC,Village Bank and Trust Financial Corp.,S
VBTX,"Veritex Holdings, Inc.",G
VC,Visteon Corporation,Q
VCEL,Vericel Corporation,S
VCNX,"Vaccinex, Inc.",S
VCTR,"Victory Capital Holdings, Inc.",Q
VCYT,"Veracyte, Inc.",G
VECO,Veeco Instruments Inc.,Q
VERB,"Verb Technology Company, Inc.",S
VERI,"Veritone, Inc.",G
VERO,Venus Concept Inc. ,G
VERU,Veru Inc.,S
VERY,"Vericity, Inc.",S
VG,Vonage Holdings Corp.,Q
VIAV,Viavi Solutions Inc.,Q
VICR,Vicor Corporation,Q
VIE,"Viela Bio, Inc.",Q
VIR,"Vir Biotechnology, Inc.",Q
VIRC,Virco Manufacturing Corporation,G
VISL,"Vislink Technologies, Inc.",S
VITL,"Vital Farms, Inc.",G
VIVE,"Viveve Medical, Inc.",S
VIVO,Meridian Bioscience Inc.,Q
VKTX,"Viking Therapeutics, Inc.",S
VLDR,"Velodyne Lidar, Inc.",Q
VLY,Valley National Bancorp,Q
VNDA,Vanda Pharmaceuticals Inc.,G
VRA,"Vera Bradley, Inc.",Q
VRAY,"ViewRay, Inc.",G
VRCA,Verrica Pharmaceuticals Inc.,G
VREX,Varex Imaging Corporation,Q
VRM,"Vroom, Inc.",Q
VRME,"VerifyMe, Inc.",S
VRNS,"Varonis Systems, Inc.",Q
VRNT,Verint Systems Inc.,Q
VRSK,"Verisk Analytics, Inc.",Q
VRSN,"VeriSign, Inc.",Q
VRTS,"Virtus Investment Partners, Inc.",Q
VRTU,Virtusa Corporation,Q
VRTX,Vertex Pharmaceuticals Incorporated,Q
VSAT,"ViaSat, Inc.",Q
VSEC,VSE Corporation,Q
VSTM,"Verastem, Inc.",G
VTGN,"VistaGen Therapeutics, Inc.",S
VTNR,"Vertex Energy, Inc",S
VTRSV,Viatris Inc.,Q
VTSI,"VirTra, Inc.",S
VUZI,Vuzix Corporation,S
VXRT,"Vaxart, Inc.",S
VYGR,"Voyager Therapeutics, Inc.",Q
VYNE,VYNE Therapeutics Inc.,Q
WABC,Westamerica Bancorporation,Q
WAFD,"Washington Federal, Inc.",Q
WASH,"Washington Trust Bancorp, Inc.",Q
WATT,Energous Corporation,S
WBA,"Walgreens Boots Alliance, Inc.",Q
WDC,Western Digital Corporation,Q
WDFC,WD-40 Company,Q
WEN,Wendy's Company (The),Q
WERN,"Werner Enterprises, Inc.",Q
WETF,"WisdomTree Investments, Inc.",Q
WEYS,"Weyco Group, Inc.",Q
WHF,"WhiteHorse Finance, Inc.",Q
WHLM,"Wilhelmina International, Inc.",S
WHLR,"Wheeler Real Estate Investment Trust, Inc.",S
WIFI,"Boingo Wireless, Inc.",Q
WINA,Winmark Corporation,G
WING,Wingstop Inc.,Q
WINT,"Windtree Therapeutics, Inc.",S
WIRE,Encore Wire Corporation,Q
WISA,"Summit Wireless Technologies, Inc.",S
WKHS,"Workhorse Group, Inc.",S
WLDN,"Willdan Group, Inc.",G
WLFC,Willis Lease Finance Corporation,G
WNEB,"Western New England Bancorp, Inc.",Q
WORX,SCWorx Corp.,S
WRLD,World Acceptance Corporation,Q
WRTC,"Wrap Technologies, Inc.",S
WSBC,"WesBanco, Inc.",Q
WSBF,"Waterstone Financial, Inc.",Q
WSFS,WSFS Financial Corporation,Q
WSTG,"Wayside Technology Group, Inc.",G
WTBA,West Bancorporation,Q
WTER,The Alkaline Water Company Inc.,S
WTFC,Wintrust Financial Corporation,Q
WTRH,Waitr Holdings Inc.,Q
WVFC,WVS Financial Corp.,G
WVVI,"Willamette Valley Vineyards, Inc.",S
WW,"WW International, Inc. ",Q
WWD,"Woodward, Inc.",Q
WWR,"Westwater Resources, Inc.",S
WYNN,"Wynn Resorts, Limited",Q
XAIR,"Beyond Air, Inc.",S
XBIO,"Xenetic Biosciences, Inc.",S
XBIT,XBiotech Inc.,Q
XCUR,"Exicure, Inc.",S
XEL,Xcel Energy Inc.,Q
XELA,"Exela Technologies, Inc.",S
XELB,"Xcel Brands, Inc",G
XENT,"Intersect ENT, Inc.",G
XERS,"Xeris Pharmaceuticals, Inc.",Q
XFOR,"X4 Pharmaceuticals, Inc.",S
XGN,Exagen Inc.,G
XLNX,"Xilinx, Inc.",Q
XLRN,Acceleron Pharma Inc.,G
XNCR,"Xencor, Inc.",G
XOMA,XOMA Corporation,G
XONE,The ExOne Company,Q
XPEL,"XPEL, Inc.",S
XPER,Xperi Holding Corporation,Q
XRAY,DENTSPLY SIRONA Inc.,Q
XSPA,"XpresSpa Group, Inc. ",S
YGYI,"Youngevity International, Inc.",S
YMAB,"Y-mAbs Therapeutics, Inc.",Q
YORW,The York Water Company,Q
YRCW,"YRC Worldwide, Inc.",Q
YTEN,"Yield10 Bioscience, Inc. ",S
ZAGG,ZAGG Inc,Q
ZEUS,"Olympic Steel, Inc.",Q
ZGNX,"Zogenix, Inc.",G
ZION,Zions Bancorporation N.A.,Q
ZIOP,ZIOPHARM Oncology Inc,Q
ZIXI,Zix Corporation,Q
ZS,"Zscaler, Inc.",Q
ZSAN,Zosano Pharma Corporation,S
ZUMZ,Zumiez Inc.,Q
ZVO,Zovio Inc.,Q
ZYNE,"Zynerba Pharmaceuticals, Inc.",G
ZYXI,"Zynex, Inc.",S
